pair,client_timestamp,ask,bid,last,volume,vwap_today,num_trades_today,low_today,high_today
XRPUSD,1683807317999,0.42614,0.42609,0.42623,1916437.57006294,0.42556068,1210,0.42168,0.4307
XRPUSD,1683807333858,0.42622,0.42609,0.42623,1916437.57006294,0.42556068,1210,0.42168,0.4307
XRPUSD,1683807388187,0.42593,0.42579,0.42606,1916692.57006294,0.42556075,1211,0.42168,0.4307
XRPUSD,1683807403659,0.42643,0.42628,0.42606,1916692.57006294,0.42556075,1211,0.42168,0.4307
XRPUSD,1683807551770,0.4259,0.42586,0.42589,1917329.66047294,0.42556085,1214,0.42168,0.4307
XRPUSD,1683807588895,0.42582,0.42574,0.42589,1917329.66047294,0.42556085,1214,0.42168,0.4307
XRPUSD,1683807654480,0.42603,0.426,0.42595,1918248.16508982,0.42556101,1217,0.42168,0.4307
XRPUSD,1683807679603,0.42591,0.42586,0.42601,1922248.16035682,0.42556194,1218,0.42168,0.4307
XRPUSD,1683807832112,0.42553,0.42545,0.42548,1923524.20630047,0.42556196,1222,0.42168,0.4307
XRPUSD,1683812557110,0.42336,0.42327,0.4229,2312065.54105178,0.42517273,1532,0.42101,0.4307
XRPUSD,1683812588232,0.42333,0.42327,0.4229,2312065.54105178,0.42517273,1532,0.42101,0.4307
XRPUSD,1683817079575,0.41944,0.41943,0.41929,2795323.4151698,0.42432573,1878,0.41708,0.4307
XRPUSD,1683817190360,0.41946,0.41939,0.41938,2801210.26046101,0.42431547,1880,0.41708,0.4307
XRPUSD,1683818405924,0.41917,0.41905,0.41871,2919040.52853127,0.42414066,1945,0.41708,0.4307
XRPUSD,1683819623271,0.42029,0.4202,0.42022,3001257.97550456,0.42403163,2023,0.41708,0.4307
XRPUSD,1683820948951,0.41968,0.41963,0.41965,3301545.86643472,0.42361822,2177,0.41708,0.4307
XRPUSD,1683822167921,0.42047,0.42044,0.42067,3367200.13236306,0.42354386,2232,0.41708,0.4307
XRPUSD,1683823384068,0.42052,0.42039,0.42042,3423370.25301392,0.42348873,2287,0.41708,0.4307
XRPUSD,1683824603676,0.41831,0.41826,0.41824,3513263.16728719,0.42337953,2362,0.41708,0.4307
XRPUSD,1683825819035,0.416,0.41581,0.41626,4063876.05306766,0.422239,2548,0.41363,0.4307
XRPUSD,1683827033534,0.41485,0.41471,0.41514,4767865.47112371,0.42104361,2800,0.41218,0.4307
XRPUSD,1683828251802,0.41355,0.4135,0.41319,4969453.58573424,0.42074143,2892,0.41218,0.4307
XRPUSD,1683829466709,0.41303,0.41294,0.41271,5027576.99253471,0.42064718,2947,0.41193,0.4307
XRPUSD,1683830687175,0.41477,0.41476,0.41473,5063923.90105625,0.420598,2994,0.41193,0.4307
XRPUSD,1683831910902,0.41523,0.41511,0.41532,5109030.07938363,0.42055013,3039,0.41193,0.4307
XRPUSD,1683833136252,0.41527,0.41514,0.41516,5120977.26701404,0.42053877,3055,0.41193,0.4307
XRPUSD,1683834356616,0.41478,0.41456,0.41427,5150582.59199411,0.42050957,3095,0.41193,0.4307
XRPUSD,1683835574726,0.41617,0.41616,0.41612,5154062.67507924,0.42050588,3107,0.41193,0.4307
XRPUSD,1683836791308,0.41779,0.41778,0.41778,5197867.3061064,0.42048137,3138,0.41193,0.4307
XRPUSD,1683838004825,0.41845,0.41828,0.41822,5206807.56090286,0.42047723,3169,0.41193,0.4307
XRPUSD,1683839219967,0.4194,0.41936,0.42005,5221167.10263826,0.42047301,3191,0.41193,0.4307
XRPUSD,1683840435112,0.41966,0.41965,0.41966,5226908.17436159,0.4204718,3202,0.41193,0.4307
XRPUSD,1683841679489,0.41998,0.41997,0.41997,5236853.23243329,0.42047098,3214,0.41193,0.4307
XRPUSD,1683842896812,0.42188,0.42179,0.42135,5261476.09445281,0.42047124,3239,0.41193,0.4307
XRPUSD,1683844111713,0.42083,0.42082,0.42104,5380740.59602566,0.42047958,3277,0.41193,0.4307
XRPUSD,1683845326243,0.41997,0.41985,0.4201,5397137.01201389,0.42047896,3298,0.41193,0.4307
XRPUSD,1683846542096,0.4192,0.41907,0.41985,5415271.24994081,0.42047769,3307,0.41193,0.4307
XRPUSD,1683847759677,0.42093,0.42086,0.42092,5454903.66977414,0.42047787,3327,0.41193,0.4307
XRPUSD,1683848980241,0.42215,0.42203,0.42207,5480469.36549505,0.42048491,3352,0.41193,0.4307
XRPUSD,1683850197953,0.42047,0.42039,0.42039,1921.11572589,0.42039564,6,0.42036,0.42084
XRPUSD,1683851417567,0.4199,0.41981,0.41907,110614.0576538,0.41927458,34,0.41907,0.42084
XRPUSD,1683852635884,0.42195,0.42188,0.42129,139013.84090664,0.41966506,51,0.41907,0.42172
XRPUSD,1683853853361,0.42203,0.4219,0.42219,194603.9653349,0.4202127,87,0.41907,0.42219
XRPUSD,1683855070710,0.42073,0.42064,0.42096,197199.47726333,0.42024061,98,0.41907,0.42253
XRPUSD,1683856288323,0.42073,0.42072,0.42073,198764.8814001,0.42024508,102,0.41907,0.42253
XRPUSD,1683857504063,0.42028,0.42027,0.42017,208498.69648993,0.42025202,127,0.41907,0.42253
XRPUSD,1683858720119,0.42122,0.42121,0.42114,222226.60682169,0.42031226,158,0.41907,0.42253
XRPUSD,1683859937668,0.42003,0.41999,0.41951,246328.0234662,0.42013218,182,0.41809,0.42253
XRPUSD,1683861152232,0.41806,0.41799,0.41852,264198.66946773,0.41996347,217,0.41656,0.42253
XRPUSD,1683862405577,0.41909,0.41907,0.41937,276958.1395108,0.41992376,244,0.41656,0.42253
XRPUSD,1683863644839,0.41764,0.41753,0.41764,283807.70329241,0.41990731,272,0.41656,0.42253
XRPUSD,1683864862116,0.41878,0.41877,0.41877,295875.40598307,0.41982764,288,0.41656,0.42253
XRPUSD,1683866077871,0.41982,0.41981,0.41885,298374.77719903,0.41981906,292,0.41656,0.42253
XRPUSD,1683867304660,0.42762,0.42747,0.4263,398675.28413321,0.42055895,357,0.41656,0.42655
XRPUSD,1683868521370,0.43812,0.43789,0.43677,870238.29091115,0.4296232,672,0.41656,0.4437
XRPUSD,1683869736815,0.43616,0.43595,0.43581,1124999.28913622,0.43113631,816,0.41656,0.4437
XRPUSD,1683870953411,0.43154,0.43136,0.43129,1342784.39481281,0.43140486,936,0.41656,0.4437
XRPUSD,1683871728271,0.43024,0.4301,0.43039,1471411.60725763,0.43135223,1023,0.41656,0.4437
XRPUSD,1683872942176,0.42563,0.42555,0.42548,1665816.65177116,0.43088407,1174,0.41656,0.4437
XRPUSD,1683874158557,0.42675,0.42657,0.4268,1710321.68086811,0.4307802,1223,0.41656,0.4437
XRPUSD,1683875376790,0.42821,0.42806,0.42832,1881493.90888407,0.43055366,1310,0.41656,0.4437
XRPUSD,1683876592948,0.4265,0.42649,0.4265,1989263.32628828,0.43034815,1370,0.41656,0.4437
XRPUSD,1683877810634,0.4252,0.42516,0.4252,2072360.31360638,0.43014696,1420,0.41656,0.4437
XRPUSD,1683879028819,0.42613,0.42612,0.42588,2157129.62605446,0.42993824,1456,0.41656,0.4437
XRPUSD,1683880244319,0.42675,0.42673,0.42697,2339880.44120008,0.42968716,1517,0.41656,0.4437
XRPUSD,1683881461740,0.42767,0.42754,0.42744,2398516.54318915,0.42962004,1585,0.41656,0.4437
XRPUSD,1683882678280,0.43104,0.43092,0.43093,2581691.78794669,0.42964376,1710,0.41656,0.4437
XRPUSD,1683883895217,0.42965,0.42952,0.42962,2662448.44921745,0.42964814,1770,0.41656,0.4437
XRPUSD,1683885111384,0.42934,0.42933,0.42957,2683550.87875094,0.42964611,1788,0.41656,0.4437
XRPUSD,1683886327042,0.4266,0.42643,0.42633,2715908.04232117,0.42963981,1821,0.41656,0.4437
XRPUSD,1683887547515,0.42778,0.42765,0.42794,2741449.41791087,0.42962016,1857,0.41656,0.4437
XRPUSD,1683888761162,0.42957,0.42956,0.42981,2812429.02728459,0.42960697,1910,0.41656,0.4437
XRPUSD,1683889975560,0.43011,0.43,0.42992,2841736.07364186,0.429609,1948,0.41656,0.4437
XRPUSD,1683891192190,0.42793,0.42783,0.42776,2850618.46128595,0.42960494,1968,0.41656,0.4437
XRPUSD,1683892409992,0.42892,0.42891,0.42933,2880185.76645836,0.42959682,2002,0.41656,0.4437
XRPUSD,1683893624638,0.42815,0.42804,0.42771,2930927.45744669,0.42957052,2041,0.41656,0.4437
XRPUSD,1683894841685,0.42882,0.4288,0.42765,2993735.72470648,0.42952643,2086,0.41656,0.4437
XRPUSD,1683896056001,0.4286,0.4284,0.42892,3053820.73604818,0.42951505,2137,0.41656,0.4437
XRPUSD,1683897271991,0.4296,0.42948,0.42935,3086571.61781362,0.42951006,2172,0.41656,0.4437
XRPUSD,1683900152734,0.42786,0.4278,0.42805,3288569.31563386,0.42946757,2314,0.41656,0.4437
XRPUSD,1683900486989,0.42801,0.42795,0.42792,3288597.79563386,0.42946755,2315,0.41656,0.4437
XRPUSD,1683900773456,0.42857,0.42856,0.4281,3294275.6256253,0.42946541,2320,0.41656,0.4437
XRPUSD,1683901434987,0.42858,0.42846,0.42865,3326051.98080964,0.42946202,2356,0.41656,0.4437
XRPUSD,1683902336351,0.4281,0.428,0.42798,3354470.92919115,0.4294517,2385,0.41656,0.4437
XRPUSD,1683902535560,0.42828,0.42822,0.42862,3355813.68993115,0.42945134,2388,0.41656,0.4437
XRPUSD,1683902681856,0.42806,0.42798,0.42789,3358046.50283515,0.42945056,2391,0.41656,0.4437
XRPUSD,1683903747883,0.42676,0.42674,0.42618,3434878.5752925,0.42938538,2437,0.41656,0.4437
XRPUSD,1683905011645,0.42553,0.42546,0.4255,3602242.10456337,0.42922122,2545,0.41656,0.4437
XRPUSD,1683906110872,0.42542,0.42536,0.42492,3683609.66933358,0.42913054,2607,0.41656,0.4437
XRPUSD,1683907338321,0.42307,0.42293,0.42336,3698714.21838461,0.42911165,2637,0.41656,0.4437
XRPUSD,1683908779487,0.42329,0.42325,0.42336,3765136.51724446,0.42901017,2714,0.41656,0.4437
XRPUSD,1683909722715,0.42225,0.42221,0.42218,3789743.89079112,0.42897211,2744,0.41656,0.4437
XRPUSD,1683910928442,0.42232,0.42228,0.42231,3829538.73790517,0.4289016,2791,0.41656,0.4437
XRPUSD,1683912214301,0.42261,0.42255,0.42259,3860932.52243674,0.42884689,2833,0.41656,0.4437
XRPUSD,1683913316632,0.42198,0.4219,0.42165,3893866.19087542,0.42879771,2863,0.41656,0.4437
XRPUSD,1683914570375,0.42276,0.42271,0.42276,3911677.46222178,0.42876984,2878,0.41656,0.4437
XRPUSD,1683915908023,0.42284,0.42283,0.42284,4036432.96209808,0.42859379,2969,0.41656,0.4437
XRPUSD,1683916910133,0.42243,0.42236,0.42243,4102733.16112871,0.42849974,3039,0.41656,0.4437
XRPUSD,1683918135578,0.42167,0.42152,0.42159,4141775.9518352,0.4284405,3081,0.41656,0.4437
XRPUSD,1683919311784,0.42153,0.42146,0.4217,4169740.0856129,0.42839673,3128,0.41656,0.4437
XRPUSD,1683920531841,0.4189,0.41884,0.4189,4370452.01200612,0.42792552,3293,0.41616,0.4437
XRPUSD,1683921759416,0.42382,0.42367,0.42383,4502744.16381098,0.42775709,3419,0.41616,0.4437
XRPUSD,1683922993601,0.42491,0.42485,0.42528,4513210.1748053,0.42775059,3436,0.41616,0.4437
XRPUSD,1683924114546,0.42544,0.4254,0.42513,4541363.67576028,0.42773128,3456,0.41616,0.4437
XRPUSD,1683925342572,0.42776,0.42773,0.42768,4544532.90253455,0.42773047,3469,0.41616,0.4437
XRPUSD,1683926532124,0.43109,0.43108,0.43102,4601781.44023756,0.4277521,3523,0.41616,0.4437
XRPUSD,1683927733216,0.42996,0.42983,0.4301,4617892.10551588,0.42776442,3549,0.41616,0.4437
XRPUSD,1683928956142,0.4294,0.42939,0.42939,4625796.28122562,0.42776727,3562,0.41616,0.4437
XRPUSD,1683930240591,0.4304,0.43032,0.43067,4660879.89587546,0.42778462,3588,0.41616,0.4437
XRPUSD,1683931338816,0.43084,0.43081,0.43069,4668038.32024204,0.42778906,3611,0.41616,0.4437
XRPUSD,1683932540489,0.43014,0.43013,0.42975,4669629.33129492,0.42778973,3615,0.41616,0.4437
XRPUSD,1683933753993,0.43071,0.4307,0.43082,4675104.13129492,0.42779302,3632,0.41616,0.4437
XRPUSD,1683934910404,0.43085,0.43076,0.4307,4924348.01478492,0.42792664,3663,0.41616,0.4437
XRPUSD,1683936328935,0.42994,0.42993,0.43032,1.54584628,0.43032,1,0.43032,0.43032
XRPUSD,1683937911002,0.42683,0.42681,0.42714,26176.01159522,0.42798714,22,0.42714,0.43032
XRPUSD,1683939624356,0.42793,0.42791,0.4278,70925.09038329,0.42768784,51,0.42645,0.43032
XRPUSD,1683941686943,0.42795,0.42788,0.42806,176836.98505721,0.42770224,85,0.42645,0.43032
XRPUSD,1683943219479,0.42841,0.4283,0.42828,183855.57757861,0.42771228,110,0.42645,0.43032
XRPUSD,1683944381049,0.42717,0.42712,0.42714,184884.54261807,0.42771298,116,0.42645,0.43032
XRPUSD,1683945214642,0.42632,0.42631,0.42702,185384.24510113,0.42771181,124,0.42645,0.43032
XRPUSD,1683945821542,0.427,0.42689,0.42678,186567.00825169,0.42770552,133,0.42632,0.43032
XRPUSD,1683946944846,0.42661,0.42655,0.42657,208958.82860762,0.42756358,166,0.42618,0.43032
XRPUSD,1683948219159,0.42729,0.42721,0.42723,213106.06055542,0.42754609,179,0.42618,0.43032
XRPUSD,1683949315438,0.42664,0.42646,0.42695,213299.96506954,0.42754573,181,0.42618,0.43032
XRPUSD,1683950578010,0.42691,0.42679,0.42668,223451.41520992,0.42750756,188,0.42618,0.43032
XRPUSD,1683951931031,0.42675,0.42669,0.42704,241615.47047474,0.42742981,214,0.42608,0.43032
XRPUSD,1683952936693,0.42694,0.42689,0.42653,241946.47047474,0.42742869,217,0.42608,0.43032
XRPUSD,1683954126529,0.42605,0.42601,0.42617,244061.47047474,0.42741835,223,0.42608,0.43032
XRPUSD,1683955424815,0.4278,0.42769,0.4277,261748.15890423,0.4274155,237,0.42594,0.43032
XRPUSD,1683956531357,0.42621,0.42611,0.42613,265097.97998843,0.42740162,249,0.42594,0.43032
XRPUSD,1683957173601,0.42602,0.4259,0.42607,265327.97998843,0.42740053,253,0.42594,0.43032
XRPUSD,1683957772234,0.42539,0.42523,0.42525,276538.1401264,0.42733367,265,0.42525,0.43032
XRPUSD,1683959116504,0.42629,0.42625,0.42607,279901.47270338,0.42731628,282,0.42525,0.43032
XRPUSD,1683960110968,0.42563,0.4255,0.42613,279942.47270338,0.42731611,283,0.42525,0.43032
XRPUSD,1683961352006,0.42563,0.42551,0.42571,291205.91920924,0.42726466,294,0.42525,0.43032
XRPUSD,1683962526879,0.42654,0.42643,0.42659,309004.40867124,0.42722012,306,0.42525,0.43032
XRPUSD,1683963715705,0.42709,0.42702,0.42688,316414.35198364,0.42720914,319,0.42525,0.43032
XRPUSD,1683964964472,0.42727,0.4272,0.42719,317634.76290361,0.42720897,324,0.42525,0.43032
XRPUSD,1683966282410,0.42636,0.42634,0.42684,319988.90720211,0.4272115,333,0.42525,0.43032
XRPUSD,1683967330828,0.42732,0.42724,0.4273,351962.8312822,0.42714534,343,0.42525,0.43032
XRPUSD,1683968535963,0.42729,0.42723,0.4271,376389.44274071,0.42714834,366,0.42525,0.43032
XRPUSD,1683969725726,0.42728,0.42721,0.42742,436386.08626835,0.42716721,389,0.42525,0.43032
XRPUSD,1683970919457,0.42756,0.42751,0.42759,448638.90801243,0.42717158,408,0.42525,0.43032
XRPUSD,1683972124332,0.42803,0.42795,0.42791,474423.15570418,0.42719904,427,0.42525,0.43032
XRPUSD,1683973467946,0.42686,0.42678,0.42687,512775.1338605,0.42719696,450,0.42525,0.43032
XRPUSD,1683974514494,0.42748,0.42736,0.42735,559380.16547607,0.42718418,483,0.42525,0.43032
XRPUSD,1683975741802,0.42736,0.42734,0.42771,598814.71314406,0.42722027,508,0.42525,0.43032
XRPUSD,1683976912655,0.42735,0.42723,0.42723,603396.12188447,0.42721983,514,0.42525,0.43032
XRPUSD,1683978108515,0.42653,0.42648,0.42648,646839.10825307,0.42716115,546,0.42525,0.43032
XRPUSD,1683979366156,0.42674,0.42664,0.4266,667849.81461307,0.42716262,553,0.42525,0.43032
XRPUSD,1683980935017,0.4265,0.42646,0.42667,808756.70890125,0.42702542,587,0.42525,0.43032
XRPUSD,1683981961385,0.42629,0.42616,0.42702,808946.49426325,0.42702535,589,0.42525,0.43032
XRPUSD,1683982938318,0.42523,0.42514,0.42572,810054.83875325,0.42702354,597,0.42525,0.43032
XRPUSD,1683984202213,0.42551,0.42542,0.42539,852517.87322732,0.42694412,614,0.42525,0.43032
XRPUSD,1683985314233,0.42494,0.4248,0.42458,886938.91270824,0.42684385,643,0.42395,0.43032
XRPUSD,1683986530552,0.42563,0.42554,0.42508,891576.07535558,0.42683431,651,0.42395,0.43032
XRPUSD,1683987778963,0.42451,0.42449,0.42476,907495.93433458,0.42679706,661,0.42395,0.43032
XRPUSD,1683988929850,0.42467,0.42462,0.42467,909318.16381165,0.42679148,676,0.42352,0.43032
XRPUSD,1683990170752,0.42466,0.42453,0.42476,911729.03211265,0.4267862,683,0.42352,0.43032
XRPUSD,1683991373742,0.42525,0.42524,0.42496,913500.47914265,0.42678263,692,0.42352,0.43032
XRPUSD,1683992524357,0.42532,0.42531,0.42522,914594.40202823,0.42678072,700,0.42352,0.43032
XRPUSD,1683993771445,0.42553,0.42549,0.42563,918284.42421831,0.42677559,708,0.42352,0.43032
XRPUSD,1683995158954,0.42521,0.4251,0.42537,921414.63582331,0.42677081,716,0.42352,0.43032
XRPUSD,1683996126515,0.42514,0.42502,0.42514,952543.54942416,0.4267129,731,0.42352,0.43032
XRPUSD,1683997360297,0.42509,0.42504,0.42509,955016.62525416,0.42670879,744,0.42352,0.43032
XRPUSD,1683998682899,0.42542,0.42531,0.42508,958033.40450402,0.42670269,750,0.42352,0.43032
XRPUSD,1683999723650,0.42517,0.42511,0.42485,958448.33287074,0.4267019,757,0.42352,0.43032
XRPUSD,1684000961855,0.42463,0.42462,0.42463,960455.72645667,0.42669765,767,0.42352,0.43032
XRPUSD,1684002290008,0.42484,0.42475,0.42475,962766.52352309,0.42669261,774,0.42352,0.43032
XRPUSD,1684003323878,0.42567,0.42566,0.42567,987606.5514492,0.42664743,791,0.42352,0.43032
XRPUSD,1684004531357,0.42502,0.42501,0.42501,1043431.23360484,0.42659721,827,0.42352,0.43032
XRPUSD,1684005725310,0.42692,0.42684,0.42676,1305527.23971197,0.42655716,935,0.42352,0.43032
XRPUSD,1684006923117,0.42553,0.42552,0.42553,1315017.99451156,0.42655444,955,0.42352,0.43032
XRPUSD,1684008146246,0.42581,0.42569,0.42543,1324245.94189579,0.42654651,969,0.42352,0.43032
XRPUSD,1684009403728,0.42521,0.4252,0.4252,1334359.6350254,0.42653787,977,0.42352,0.43032
XRPUSD,1684010538190,0.42468,0.42461,0.42466,1336342.29086088,0.42653549,989,0.42352,0.43032
XRPUSD,1684011744998,0.42539,0.42538,0.42513,1338720.5344497,0.42653198,1003,0.42352,0.43032
XRPUSD,1684012926384,0.42492,0.42477,0.42482,1344920.40654561,0.42652599,1010,0.42352,0.43032
XRPUSD,1684014133938,0.42539,0.42536,0.4253,1347753.07697304,0.42652323,1015,0.42352,0.43032
XRPUSD,1684015350294,0.42524,0.42515,0.4252,1347961.37122169,0.42652302,1020,0.42352,0.43032
XRPUSD,1684016634415,0.42439,0.42433,0.42431,1367802.41632942,0.426499,1030,0.42352,0.43032
XRPUSD,1684017708874,0.42442,0.42432,0.4246,1367896.77313942,0.42649886,1034,0.42352,0.43032
XRPUSD,1684018937038,0.42489,0.42488,0.42499,1419982.85625113,0.42643585,1061,0.42352,0.43032
XRPUSD,1684020169936,0.42489,0.42488,0.42506,1426579.32103709,0.42642952,1071,0.42352,0.43032
XRPUSD,1684021328873,0.42476,0.42461,0.42488,1594910.72431709,0.42631803,1102,0.42352,0.43032
XRPUSD,1684022769727,0.4242,0.42409,0.42435,789.83000388,0.42432506,3,0.42403,0.42438
XRPUSD,1684024329063,0.42476,0.4247,0.42426,10667.988358,0.42428116,15,0.42403,0.425
XRPUSD,1684026025955,0.42418,0.42406,0.42421,60139.98854094,0.42264158,62,0.42154,0.425
XRPUSD,1684028145925,0.4235,0.42349,0.42362,112181.15634287,0.42313913,87,0.42154,0.425
XRPUSD,1684029719580,0.42257,0.42255,0.42246,112975.81940956,0.42313627,92,0.42154,0.425
XRPUSD,1684031424568,0.42431,0.4243,0.42416,120996.20402956,0.42319031,103,0.42154,0.425
XRPUSD,1684032289622,0.42394,0.42389,0.42391,121396.20402956,0.42319268,104,0.42154,0.425
XRPUSD,1684033365116,0.42461,0.42452,0.42431,121411.20402956,0.42319282,105,0.42154,0.425
XRPUSD,1684034604568,0.42562,0.4255,0.42594,128184.22297876,0.42334842,118,0.42154,0.42736
XRPUSD,1684035722277,0.4261,0.426,0.42615,136102.0283549,0.42350338,129,0.42154,0.42736
XRPUSD,1684036944191,0.42607,0.42602,0.42615,137072.96267471,0.42352224,139,0.42154,0.42736
XRPUSD,1684038313931,0.42658,0.4265,0.42614,138791.14060668,0.42355543,149,0.42154,0.42736
XRPUSD,1684039329783,0.42695,0.42681,0.42641,139305.16079521,0.42356617,152,0.42154,0.42736
XRPUSD,1684040531871,0.42672,0.42664,0.4268,147120.93769042,0.42370617,164,0.42154,0.42736
XRPUSD,1684041819291,0.4269,0.42685,0.42681,149907.69150918,0.42376375,170,0.42154,0.42736
XRPUSD,1684042908586,0.42615,0.42609,0.4262,150623.09305786,0.42377624,175,0.42154,0.42736
XRPUSD,1684044146652,0.42661,0.42649,0.42654,154477.24598909,0.42383341,187,0.42154,0.42736
XRPUSD,1684045521822,0.42732,0.42726,0.42661,157425.03613209,0.42388131,195,0.42154,0.42736
XRPUSD,1684046510748,0.42674,0.42673,0.42705,157915.43627249,0.42389146,200,0.42154,0.42736
XRPUSD,1684047746555,0.42634,0.42632,0.4263,158571.48696738,0.42390132,203,0.42154,0.42736
XRPUSD,1684048958509,0.42635,0.42632,0.42654,161666.33693935,0.42395053,210,0.42154,0.42736
XRPUSD,1684051368066,0.42584,0.42573,0.42583,178114.932159,0.42412285,249,0.42154,0.42736
XRPUSD,1684052658187,0.42615,0.42606,0.42616,182776.39094086,0.42416192,263,0.42154,0.42736
XRPUSD,1684053707477,0.42618,0.42607,0.426,188209.01099086,0.42421449,269,0.42154,0.42736
XRPUSD,1684054959253,0.42608,0.42601,0.42584,197179.08489666,0.42428595,280,0.42154,0.42736
XRPUSD,1684056107515,0.42601,0.42596,0.42627,204256.74387816,0.42436186,288,0.42154,0.42736
XRPUSD,1684056782418,0.42623,0.42612,0.42624,210304.71429816,0.42440316,293,0.42154,0.42736
XRPUSD,1684057151235,0.42658,0.42647,0.42636,212418.91243034,0.42442175,298,0.42154,0.42736
XRPUSD,1684057324071,0.4264,0.42634,0.42636,212718.91243034,0.42442455,301,0.42154,0.42736
XRPUSD,1684057565538,0.42648,0.42641,0.42652,212748.91243034,0.42442484,302,0.42154,0.42736
XRPUSD,1684058547383,0.4265,0.42642,0.42648,212949.37395034,0.42442685,306,0.42154,0.42736
XRPUSD,1684059882586,0.42585,0.42578,0.42599,240749.44982893,0.42461417,333,0.42154,0.42736
XRPUSD,1684060907329,0.42622,0.42616,0.42627,252789.33857127,0.42469094,347,0.42154,0.42736
XRPUSD,1684062131705,0.42624,0.42617,0.42632,253188.25512127,0.42469321,354,0.42154,0.42736
XRPUSD,1684063316854,0.42598,0.42597,0.42591,259628.89155329,0.42473071,378,0.42154,0.42736
XRPUSD,1684064537180,0.42659,0.42651,0.42659,260445.23203936,0.42473588,383,0.42154,0.42736
XRPUSD,1684065759432,0.42651,0.4265,0.4265,262201.05949682,0.42474696,393,0.42154,0.42736
XRPUSD,1684067345753,0.42576,0.42563,0.4257,262550.07852999,0.42474854,401,0.42154,0.42736
XRPUSD,1684068372718,0.42639,0.42631,0.42616,265460.99629086,0.42476009,407,0.42154,0.42736
XRPUSD,1684069349007,0.42685,0.42678,0.42693,270463.30637563,0.42479283,417,0.42154,0.42736
XRPUSD,1684070584858,0.427,0.42691,0.42699,290494.03039158,0.42493309,435,0.42154,0.42736
XRPUSD,1684071716711,0.42714,0.42702,0.42688,302248.91681201,0.42501229,444,0.42154,0.42736
XRPUSD,1684072965400,0.42753,0.42749,0.42753,339645.02900941,0.42532184,473,0.42154,0.42817
XRPUSD,1684074187996,0.42767,0.42754,0.42749,360543.79607587,0.42544655,492,0.42154,0.42817
XRPUSD,1684075315312,0.42757,0.42752,0.42751,378268.79760437,0.42553848,515,0.42154,0.42817
XRPUSD,1684076536462,0.42834,0.42824,0.4283,411577.93874056,0.42570957,544,0.42154,0.4283
XRPUSD,1684077762791,0.42901,0.42895,0.42914,461346.1579512,0.42606549,591,0.42154,0.43
XRPUSD,1684078926758,0.43101,0.431,0.431,487719.05628828,0.42627724,622,0.42154,0.431
XRPUSD,1684080170340,0.42905,0.42882,0.42932,493418.99493477,0.42632863,658,0.42154,0.4316
XRPUSD,1684081559950,0.42803,0.42802,0.42808,545039.28307109,0.42658563,690,0.42154,0.4316
XRPUSD,1684082535610,0.42679,0.42677,0.42672,549009.28458083,0.42658797,702,0.42154,0.4316
XRPUSD,1684083731898,0.4261,0.42595,0.42596,558052.72754957,0.42658455,726,0.42154,0.4316
XRPUSD,1684084974936,0.42628,0.42625,0.42625,568696.53622686,0.42658367,749,0.42154,0.4316
XRPUSD,1684086118519,0.42604,0.42596,0.42604,577357.02869938,0.42657472,765,0.42154,0.4316
XRPUSD,1684087386737,0.42562,0.42557,0.42557,583129.68938342,0.42656746,773,0.42154,0.4316
XRPUSD,1684088673957,0.42507,0.42503,0.42526,606730.82705396,0.4264877,805,0.42154,0.4316
XRPUSD,1684089724986,0.42552,0.42549,0.42554,619091.31127121,0.4264654,833,0.42154,0.4316
XRPUSD,1684090951336,0.42555,0.42554,0.42526,621160.82132175,0.42646205,837,0.42154,0.4316
XRPUSD,1684092128557,0.42493,0.42483,0.42488,629281.08423901,0.4264481,852,0.42154,0.4316
XRPUSD,1684093320891,0.42449,0.42439,0.42436,631202.26110108,0.42644281,863,0.42154,0.4316
XRPUSD,1684094549761,0.42446,0.42436,0.42486,632197.68712536,0.42644025,873,0.42154,0.4316
XRPUSD,1684095775390,0.42507,0.42506,0.42497,636987.36681084,0.42642845,879,0.42154,0.4316
XRPUSD,1684096908708,0.42536,0.42528,0.42497,637868.22470184,0.4264265,888,0.42154,0.4316
XRPUSD,1684098145909,0.42541,0.42538,0.42552,641145.22470184,0.42642186,893,0.42154,0.4316
XRPUSD,1684099340962,0.42588,0.42583,0.42587,642432.92300508,0.42642037,906,0.42154,0.4316
XRPUSD,1684100516492,0.42561,0.4256,0.42573,644479.82137008,0.42641865,920,0.42154,0.4316
XRPUSD,1684101730204,0.42571,0.42557,0.42578,665020.41274813,0.42639992,933,0.42154,0.4316
XRPUSD,1684103015597,0.42648,0.42647,0.42659,668178.05876727,0.42639932,943,0.42154,0.4316
XRPUSD,1684104125421,0.42621,0.42614,0.42621,669559.63425961,0.42639941,948,0.42154,0.4316
XRPUSD,1684105362105,0.42624,0.42613,0.42628,669989.27981438,0.42639934,951,0.42154,0.4316
XRPUSD,1684106606809,0.42594,0.42582,0.42583,765979.44245438,0.42627237,964,0.42154,0.4316
XRPUSD,1684107730553,0.42589,0.42584,0.42579,775040.3788714,0.42627019,977,0.42154,0.4316
XRPUSD,1684109159691,0.42563,0.42555,0.4256,25,0.4256,1,0.4256,0.4256
XRPUSD,1684110759734,0.42483,0.42478,0.42503,90514.90655665,0.42393545,42,0.42218,0.42579
XRPUSD,1684112453293,0.42266,0.42265,0.42265,157384.98279782,0.42369636,92,0.42157,0.42579
XRPUSD,1684114604152,0.42653,0.42636,0.42574,167570.94429038,0.42375375,111,0.42157,0.42579
XRPUSD,1684116173158,0.42838,0.42826,0.42763,187677.47970268,0.42409974,140,0.42157,0.42838
XRPUSD,1684117875264,0.42797,0.42788,0.428,254860.67163191,0.42506962,171,0.42157,0.42838
XRPUSD,1684118725285,0.4292,0.42917,0.42882,274184.07733835,0.4252953,189,0.42157,0.42891
XRPUSD,1684119752984,0.42789,0.42788,0.42789,301951.67017588,0.4256112,211,0.42157,0.42898
XRPUSD,1684121017160,0.42667,0.42664,0.42667,314796.00473508,0.42567364,229,0.42157,0.42898
XRPUSD,1684122131236,0.42859,0.42848,0.42856,325592.02660826,0.42575412,252,0.42157,0.42898
XRPUSD,1684123387602,0.42764,0.42747,0.42766,331130.42979976,0.42579473,273,0.42157,0.42898
XRPUSD,1684124715181,0.42829,0.42828,0.42824,337985.72603242,0.42583143,291,0.42157,0.42898
XRPUSD,1684125714499,0.42901,0.42887,0.42915,339091.23469242,0.42584127,302,0.42157,0.42915
XRPUSD,1684126943193,0.42885,0.42884,0.42884,348122.1039666,0.42592109,330,0.42157,0.42939
XRPUSD,1684128246008,0.42951,0.42937,0.42952,358647.88406432,0.4260048,356,0.42157,0.42957
XRPUSD,1684129353986,0.43018,0.4301,0.4302,393428.72697167,0.42633203,400,0.42157,0.4302
XRPUSD,1684130579228,0.43006,0.43002,0.43004,394572.68819815,0.42634315,412,0.42157,0.43038
XRPUSD,1684132936978,0.42888,0.42887,0.42887,440378.81762629,0.4265901,462,0.42157,0.43038
XRPUSD,1684134154808,0.42738,0.42737,0.42738,465231.99283867,0.42662559,509,0.42157,0.43038
XRPUSD,1684135380946,0.42597,0.42593,0.42634,483423.14652952,0.42663764,566,0.42157,0.43038
XRPUSD,1684136524699,0.42555,0.42541,0.42611,511780.67675696,0.42658148,610,0.42157,0.43038
XRPUSD,1684137760077,0.42637,0.42636,0.42619,557904.93550098,0.42653017,642,0.42157,0.43038
XRPUSD,1684139136644,0.42655,0.42644,0.42641,767559.17198,0.42650703,723,0.42157,0.43038
XRPUSD,1684140119221,0.42711,0.42702,0.42653,783892.56629707,0.426508,741,0.42157,0.43038
XRPUSD,1684141350937,0.42825,0.42823,0.42824,831667.24909069,0.42659458,790,0.42157,0.43038
XRPUSD,1684142603314,0.42783,0.42762,0.42777,876185.86929688,0.42667229,832,0.42157,0.43038
XRPUSD,1684143715081,0.42867,0.42865,0.42869,882698.6866917,0.42668447,851,0.42157,0.43038
XRPUSD,1684144942766,0.42834,0.42833,0.42841,887223.19943191,0.42669284,858,0.42157,0.43038
XRPUSD,1684146328760,0.42637,0.42621,0.42622,942559.25477457,0.42670348,873,0.42157,0.43038
XRPUSD,1684147318113,0.42675,0.42665,0.42676,952609.64996894,0.4267023,885,0.42157,0.43038
XRPUSD,1684148544653,0.42714,0.42713,0.4271,1042875.98904675,0.4267217,907,0.42157,0.43038
XRPUSD,1684149716355,0.42698,0.42691,0.42729,1115584.39921418,0.42673125,930,0.42157,0.43038
XRPUSD,1684150930521,0.42661,0.4266,0.42671,1179895.1035596,0.42673875,965,0.42157,0.43038
XRPUSD,1684152200423,0.42585,0.42581,0.42568,1281646.99594097,0.42665165,1025,0.42157,0.43038
XRPUSD,1684153773653,0.42614,0.42613,0.42614,1417718.34022677,0.42661566,1091,0.42157,0.43038
XRPUSD,1684154910298,0.4258,0.42573,0.42557,1470289.11769209,0.42660696,1117,0.42157,0.43038
XRPUSD,1684155875089,0.42533,0.42529,0.42537,1533617.75051003,0.42657086,1153,0.42157,0.43038
XRPUSD,1684157126537,0.42559,0.42551,0.42578,1581711.16825174,0.42653278,1183,0.42157,0.43038
XRPUSD,1684158117421,0.4269,0.42683,0.42675,1606508.28262592,0.42652453,1206,0.42157,0.43038
XRPUSD,1684159331552,0.42562,0.42557,0.42587,1650395.40076209,0.4265124,1247,0.42157,0.43038
XRPUSD,1684160658283,0.42511,0.425,0.42502,1701093.11889308,0.42647043,1309,0.42157,0.43038
XRPUSD,1684161744229,0.42558,0.42557,0.42549,1714936.54221295,0.42646467,1333,0.42157,0.43038
XRPUSD,1684162941244,0.42672,0.42666,0.42619,1721346.80168487,0.42646459,1355,0.42157,0.43038
XRPUSD,1684164237039,0.42676,0.4267,0.42707,1790008.43911988,0.42648398,1371,0.42157,0.43038
XRPUSD,1684165326258,0.42654,0.42647,0.42663,1796247.37254893,0.42648495,1379,0.42157,0.43038
XRPUSD,1684166550404,0.42608,0.42598,0.4262,1847692.13858682,0.42647918,1392,0.42157,0.43038
XRPUSD,1684167978148,0.42701,0.42687,0.42709,1855560.88137092,0.42648153,1402,0.42157,0.43038
XRPUSD,1684168915482,0.42527,0.42512,0.42564,1929042.17748578,0.42648103,1422,0.42157,0.43038
XRPUSD,1684170152469,0.42609,0.426,0.42611,1933988.94095142,0.42647931,1431,0.42157,0.43038
XRPUSD,1684171419651,0.42622,0.4262,0.42629,1940849.14124403,0.42648046,1450,0.42157,0.43038
XRPUSD,1684172513518,0.42627,0.42622,0.42577,1941297.12479174,0.42648031,1455,0.42157,0.43038
XRPUSD,1684173757644,0.42659,0.42658,0.42659,1947395.36477975,0.42647864,1460,0.42157,0.43038
XRPUSD,1684175123671,0.42602,0.42597,0.42576,1966905.91481608,0.42647621,1470,0.42157,0.43038
XRPUSD,1684176121747,0.42629,0.42628,0.42635,1974111.07717609,0.42647553,1476,0.42157,0.43038
XRPUSD,1684177338001,0.42625,0.42619,0.42598,1995625.34953124,0.42647252,1492,0.42157,0.43038
XRPUSD,1684178512168,0.42724,0.42723,0.42722,1998465.6513329,0.42647375,1503,0.42157,0.43038
XRPUSD,1684179717921,0.42731,0.4273,0.42731,2000356.77081747,0.42647422,1523,0.42157,0.43038
XRPUSD,1684180939124,0.42802,0.42794,0.42814,2023012.84267428,0.42649046,1568,0.42157,0.43038
XRPUSD,1684182211138,0.42726,0.42725,0.42717,2113127.03107259,0.42655204,1606,0.42157,0.43038
XRPUSD,1684183314296,0.4275,0.42749,0.4275,2140063.68170228,0.42656185,1638,0.42157,0.43038
XRPUSD,1684184549715,0.42765,0.42764,0.42763,2144252.77593148,0.42656403,1664,0.42157,0.43038
XRPUSD,1684185714269,0.42798,0.42797,0.428,2153486.9426487,0.42656965,1686,0.42157,0.43038
XRPUSD,1684186921872,0.42785,0.42776,0.42799,2164443.29637943,0.42657692,1704,0.42157,0.43038
XRPUSD,1684188161784,0.42845,0.4284,0.42838,2214329.47823831,0.42661807,1728,0.42157,0.43038
XRPUSD,1684189453570,0.42892,0.42891,0.42882,2215093.92782831,0.42661883,1731,0.42157,0.43038
XRPUSD,1684190539464,0.42855,0.42854,0.42898,2218101.00154416,0.426622,1738,0.42157,0.43038
XRPUSD,1684191725608,0.42846,0.42841,0.42851,2223009.03618822,0.42662598,1743,0.42157,0.43038
XRPUSD,1684192960317,0.4285,0.42849,0.42848,2225380.15804722,0.42662798,1746,0.42157,0.43038
XRPUSD,1684194111041,0.42763,0.42761,0.42822,2228422.76696822,0.4266304,1752,0.42157,0.43038
XRPUSD,1684195539252,0.42823,0.42811,0.42781,1720.59093857,0.42776597,4,0.42757,0.42781
XRPUSD,1684197155031,0.42633,0.42614,0.42655,13176.75230447,0.42733273,40,0.42655,0.42807
XRPUSD,1684198822875,0.42552,0.4253,0.42507,34284.69795721,0.42635204,77,0.42486,0.42807
XRPUSD,1684200989306,0.42246,0.4223,0.42238,108502.37413619,0.42442028,167,0.42218,0.42807
XRPUSD,1684202520331,0.42214,0.42212,0.42214,111883.57432131,0.42434894,191,0.42173,0.42807
XRPUSD,1684204220236,0.4222,0.42219,0.42222,134575.99505621,0.42385543,230,0.42041,0.42807
XRPUSD,1684205091825,0.42308,0.42306,0.4229,139316.70611578,0.42382683,242,0.42041,0.42807
XRPUSD,1684206162070,0.42383,0.42378,0.42414,143630.69983601,0.42383038,256,0.42041,0.42807
XRPUSD,1684207438019,0.42433,0.42432,0.42403,149954.99380563,0.42384055,266,0.42041,0.42807
XRPUSD,1684208525746,0.42461,0.4246,0.42469,157840.07788317,0.42387658,278,0.42041,0.42807
XRPUSD,1684209761644,0.4244,0.42433,0.42427,163191.95914517,0.42389214,288,0.42041,0.42807
XRPUSD,1684211142806,0.4243,0.42429,0.42408,163750.32034517,0.42389278,290,0.42041,0.42807
XRPUSD,1684212127097,0.42491,0.42486,0.42476,165068.844713,0.42390026,293,0.42041,0.42807
XRPUSD,1684213335160,0.42599,0.42592,0.42569,167490.844713,0.42392613,295,0.42041,0.42807
XRPUSD,1684214655974,0.42585,0.42582,0.42562,172372.11234914,0.42398331,307,0.42041,0.42807
XRPUSD,1684215723100,0.42498,0.4249,0.42498,181522.94423422,0.42405221,315,0.42041,0.42807
XRPUSD,1684216966044,0.42451,0.42447,0.42447,186939.33425503,0.42407565,324,0.42041,0.42807
XRPUSD,1684218357984,0.4227,0.42266,0.42314,246305.95874657,0.42385141,333,0.42041,0.42807
XRPUSD,1684219310386,0.42253,0.42246,0.42264,253771.51312289,0.42382994,356,0.42041,0.42807
XRPUSD,1684220559889,0.42479,0.42478,0.42389,254526.89083845,0.42382774,365,0.42041,0.42807
XRPUSD,1684221748532,0.42528,0.42527,0.42521,279584.85585105,0.42395296,380,0.42041,0.42807
XRPUSD,1684222926308,0.42562,0.4256,0.42601,291314.85585105,0.42401962,394,0.42041,0.42807
XRPUSD,1684224199311,0.4249,0.42484,0.42491,295389.84132636,0.4240456,409,0.42041,0.42807
XRPUSD,1684225533293,0.42373,0.42372,0.42393,302925.96491654,0.42405643,433,0.42041,0.42807
XRPUSD,1684226528256,0.42277,0.42276,0.42291,333405.69626676,0.4238887,451,0.42041,0.42807
XRPUSD,1684227728892,0.42176,0.42167,0.42193,360556.63249318,0.42374354,487,0.42041,0.42807
XRPUSD,1684228977017,0.42291,0.42287,0.42287,368643.16832226,0.4237273,497,0.42041,0.42807
XRPUSD,1684230128228,0.42363,0.42351,0.42314,374162.31122813,0.42371737,510,0.42041,0.42807
XRPUSD,1684231344266,0.42291,0.42284,0.42292,395402.60489331,0.42369296,531,0.42041,0.42807
XRPUSD,1684232725226,0.42096,0.42093,0.42147,442393.48325373,0.42347777,566,0.42041,0.42807
XRPUSD,1684233715464,0.42073,0.4207,0.42101,485986.02023281,0.42326644,587,0.42041,0.42807
XRPUSD,1684234947751,0.42104,0.42102,0.42106,535077.10864847,0.42306581,614,0.42041,0.42807
XRPUSD,1684236113227,0.42127,0.42125,0.42104,570892.67173522,0.42297477,647,0.42041,0.42807
XRPUSD,1684237335625,0.42179,0.42177,0.42177,612664.75081616,0.42282547,673,0.42041,0.42807
XRPUSD,1684238559471,0.42213,0.42212,0.42213,663601.82570641,0.422757,709,0.42041,0.42807
XRPUSD,1684240204343,0.42207,0.422,0.42151,747669.07960669,0.42267652,751,0.42041,0.42807
XRPUSD,1684241331094,0.42195,0.42191,0.42189,890465.21958695,0.4222329,826,0.4187,0.42807
XRPUSD,1684242289759,0.42152,0.42151,0.42152,901815.05268368,0.4222296,842,0.4187,0.42807
XRPUSD,1684243515994,0.42202,0.42201,0.42176,953075.80215774,0.42221959,863,0.4187,0.42807
XRPUSD,1684244510666,0.4218,0.4217,0.42174,1026447.45506964,0.42222546,887,0.4187,0.42807
XRPUSD,1684245756005,0.42083,0.42082,0.42082,1112840.85812438,0.42213926,945,0.4187,0.42807
XRPUSD,1684247044144,0.42064,0.42063,0.42064,1235181.17742187,0.42196101,1030,0.4187,0.42807
XRPUSD,1684248129374,0.42029,0.4202,0.42029,1291774.57893806,0.4218775,1067,0.4187,0.42807
XRPUSD,1684249368483,0.42182,0.42178,0.42182,1342611.60842457,0.42186223,1100,0.4187,0.42807
XRPUSD,1684250637394,0.42171,0.42168,0.42161,1390280.54868503,0.42185766,1128,0.4187,0.42807
XRPUSD,1684251722333,0.42152,0.42138,0.42179,1416537.18580503,0.42185591,1146,0.4187,0.42807
XRPUSD,1684252957499,0.42196,0.42191,0.42198,1451734.65634496,0.4218571,1172,0.4187,0.42807
XRPUSD,1684254409091,0.42179,0.42178,0.42176,1463542.89793979,0.42185813,1184,0.4187,0.42807
XRPUSD,1684255345081,0.42238,0.42232,0.42225,1801238.26084979,0.42181983,1256,0.4187,0.42807
XRPUSD,1684256547365,0.42274,0.42272,0.42276,1867696.1334812,0.42184739,1281,0.4187,0.42807
XRPUSD,1684257824504,0.4217,0.42168,0.42154,1867910.8095502,0.42184739,1285,0.4187,0.42807
XRPUSD,1684258912323,0.4224,0.42232,0.42211,1868295.0427202,0.42184738,1287,0.4187,0.42807
XRPUSD,1684260168767,0.42278,0.42276,0.42272,1874595.16396321,0.42184992,1305,0.4187,0.42807
XRPUSD,1684261535051,0.42309,0.42304,0.42304,1884032.91726243,0.4218552,1327,0.4187,0.42807
XRPUSD,1684262539215,0.42331,0.4233,0.42331,1985077.32492404,0.4219186,1352,0.4187,0.42807
XRPUSD,1684263742324,0.42428,0.42424,0.42452,2022136.90905551,0.42195272,1381,0.4187,0.42807
XRPUSD,1684264927783,0.42517,0.42515,0.42521,2060667.12261181,0.42201066,1426,0.4187,0.42807
XRPUSD,1684266114042,0.42419,0.42413,0.42389,2112000.08316934,0.42207557,1472,0.4187,0.42807
XRPUSD,1684267341591,0.42275,0.42269,0.42275,2245449.2853529,0.42215394,1544,0.4187,0.42807
XRPUSD,1684268614889,0.42423,0.42422,0.42422,2292348.63746738,0.42218139,1600,0.4187,0.42807
XRPUSD,1684269739142,0.42414,0.42411,0.42402,2352988.9868967,0.42224733,1653,0.4187,0.42807
XRPUSD,1684270953478,0.4246,0.42459,0.42459,2367099.32674719,0.42226026,1679,0.4187,0.42807
XRPUSD,1684272124398,0.42516,0.42515,0.42516,2371091.09822296,0.42226489,1694,0.4187,0.42807
XRPUSD,1684273321804,0.43028,0.43021,0.43047,2634269.50914657,0.42313054,1866,0.4187,0.43505
XRPUSD,1684274546945,0.43422,0.43402,0.43332,3293628.661014,0.42560676,2052,0.4187,0.43739
XRPUSD,1684275845124,0.43334,0.43333,0.43333,3364233.88260667,0.42575313,2106,0.4187,0.43739
XRPUSD,1684276911515,0.43667,0.43653,0.437,3930824.29768286,0.42736173,2226,0.4187,0.43797
XRPUSD,1684278141196,0.43597,0.43592,0.43618,5846354.47088164,0.43034075,2456,0.4187,0.43797
XRPUSD,1684279380195,0.43963,0.43962,0.4399,6128032.47035305,0.43075743,2560,0.4187,0.44188
XRPUSD,1684280514240,0.43969,0.4396,0.43979,6539702.32737048,0.43139404,2681,0.4187,0.44263
XRPUSD,1684281973451,0.44134,0.44118,0.44156,292772.29855987,0.44352879,64,0.44009,0.44398
XRPUSD,1684283550331,0.44433,0.44432,0.44431,626487.77075402,0.44560031,213,0.44009,0.44881
XRPUSD,1684285274305,0.44742,0.4473,0.44715,793220.12441238,0.44565617,302,0.44009,0.44881
XRPUSD,1684288117908,0.45334,0.45323,0.45297,3369535.47078665,0.44851225,696,0.44009,0.45429
XRPUSD,1684289824010,0.45622,0.4561,0.45614,3818501.74403196,0.44963465,938,0.44009,0.46138
XRPUSD,1684290689921,0.45593,0.45592,0.456,3954605.57290953,0.44986152,997,0.44009,0.46138
XRPUSD,1684291490336,0.45655,0.45654,0.45713,4020365.27812982,0.44998131,1041,0.44009,0.46138
XRPUSD,1684292598371,0.45453,0.45445,0.45441,4245038.48166173,0.4502466,1122,0.44009,0.46138
XRPUSD,1684293812171,0.45866,0.45865,0.45865,4325840.84151836,0.45035826,1189,0.44009,0.46138
XRPUSD,1684294918807,0.45618,0.45617,0.45619,4341089.39863864,0.45038222,1206,0.44009,0.46138
XRPUSD,1684296164666,0.45812,0.45803,0.4583,4524793.21235234,0.45071846,1284,0.44009,0.46138
XRPUSD,1684297508335,0.45753,0.45745,0.45807,5115965.63856908,0.45173195,1388,0.44009,0.46138
XRPUSD,1684298539589,0.45762,0.45761,0.45824,5134955.66312208,0.45175546,1407,0.44009,0.46138
XRPUSD,1684299751692,0.45736,0.45726,0.45747,5138217.72942407,0.45175907,1414,0.44009,0.46138
XRPUSD,1684301044316,0.45647,0.45645,0.45614,5363854.68154785,0.45193478,1451,0.44009,0.46138
XRPUSD,1684302118416,0.45537,0.45529,0.45512,5433059.35620202,0.45199045,1484,0.44009,0.46138
XRPUSD,1684303374949,0.45176,0.45168,0.45206,5613043.90142477,0.45206829,1551,0.44009,0.46138
XRPUSD,1684304763769,0.45161,0.4516,0.45194,5720164.60483459,0.45207301,1619,0.44009,0.46138
XRPUSD,1684305721356,0.4494,0.44939,0.44982,5794332.65860829,0.45205564,1687,0.44009,0.46138
XRPUSD,1684306950718,0.44724,0.44721,0.44715,5895103.59894056,0.45199099,1734,0.44009,0.46138
XRPUSD,1684308127080,0.4476,0.44749,0.44795,5909888.9174596,0.45198273,1764,0.44009,0.46138
XRPUSD,1684309316469,0.44868,0.44867,0.44873,6004612.21786341,0.45192304,1787,0.44009,0.46138
XRPUSD,1684310587500,0.44798,0.44787,0.44801,6064121.10206486,0.45187325,1824,0.44009,0.46138
XRPUSD,1684311932990,0.44714,0.44703,0.4467,6120761.64158262,0.45182017,1864,0.44009,0.46138
XRPUSD,1684312939508,0.44575,0.44574,0.44601,6173638.84926309,0.45177677,1886,0.44009,0.46138
XRPUSD,1684314151458,0.44319,0.44318,0.44342,6456722.96376326,0.45148264,1973,0.44009,0.46138
XRPUSD,1684315406033,0.44503,0.44501,0.44506,6545433.01018503,0.45136482,2028,0.44009,0.46138
XRPUSD,1684316528826,0.44506,0.44505,0.4457,6598560.67293651,0.45130979,2065,0.44009,0.46138
XRPUSD,1684317748133,0.44413,0.44411,0.44517,6658169.17592724,0.4512624,2091,0.44009,0.46138
XRPUSD,1684319127379,0.44373,0.44372,0.44342,6688855.09235861,0.45122696,2115,0.44009,0.46138
XRPUSD,1684320127824,0.44429,0.44428,0.44428,6822984.79042875,0.45109435,2148,0.44009,0.46138
XRPUSD,1684321336633,0.44465,0.44464,0.44493,6934395.27523634,0.45098954,2178,0.44009,0.46138
XRPUSD,1684322510371,0.44392,0.44369,0.44344,7081412.3007905,0.45087348,2209,0.44009,0.46138
XRPUSD,1684323726977,0.44545,0.44538,0.44559,7154603.56262075,0.45080988,2270,0.44009,0.46138
XRPUSD,1684324965431,0.44757,0.44745,0.44721,7430055.44801601,0.45061399,2369,0.44009,0.46138
XRPUSD,1684326564794,0.44654,0.4465,0.44647,7630746.54805852,0.45055384,2450,0.44009,0.46138
XRPUSD,1684327669718,0.44548,0.44541,0.44548,7687898.93045975,0.45051705,2479,0.44009,0.46138
XRPUSD,1684328641358,0.44637,0.44636,0.44637,7772703.36209648,0.45046234,2503,0.44009,0.46138
XRPUSD,1684329891103,0.44557,0.44556,0.4458,7890559.17063952,0.45040606,2540,0.44009,0.46138
XRPUSD,1684330917507,0.44657,0.44656,0.44711,7906867.17110952,0.45039807,2552,0.44009,0.46138
XRPUSD,1684332158249,0.44357,0.44351,0.44393,7947086.33625832,0.45037118,2569,0.44009,0.46138
XRPUSD,1684333442773,0.44316,0.44315,0.44287,7975417.62597905,0.45034448,2593,0.44009,0.46138
XRPUSD,1684334527432,0.43988,0.4398,0.43997,8076101.62228275,0.45022321,2676,0.43765,0.46138
XRPUSD,1684335759708,0.43967,0.43951,0.43999,8140469.75837611,0.45014377,2711,0.43765,0.46138
XRPUSD,1684337013619,0.43843,0.43834,0.43859,8186649.4811218,0.45008052,2751,0.43765,0.46138
XRPUSD,1684338127954,0.44071,0.4407,0.44071,8195775.09804716,0.45006921,2769,0.43765,0.46138
XRPUSD,1684339351718,0.43907,0.43895,0.43942,8246668.11966015,0.45000914,2807,0.43765,0.46138
XRPUSD,1684340793367,0.43965,0.43964,0.43969,8318708.89365447,0.4499175,2847,0.43765,0.46138
XRPUSD,1684341726470,0.43974,0.43973,0.43974,8490278.54994446,0.44970998,2906,0.43765,0.46138
XRPUSD,1684342941110,0.44135,0.44112,0.44096,8840524.97910821,0.44934057,2974,0.43765,0.46138
XRPUSD,1684344212454,0.44052,0.44051,0.44046,8886698.38968196,0.44929445,2991,0.43765,0.46138
XRPUSD,1684345311440,0.44056,0.44055,0.44056,8960152.3187966,0.44922293,3013,0.43765,0.46138
XRPUSD,1684346572102,0.44376,0.44367,0.44366,9044564.23008046,0.44915761,3057,0.43765,0.46138
XRPUSD,1684347912988,0.4457,0.44569,0.44544,9090755.33136867,0.44913032,3096,0.43765,0.46138
XRPUSD,1684348929768,0.44606,0.44601,0.44594,9146067.84324062,0.44911031,3115,0.43765,0.46138
XRPUSD,1684350161288,0.44734,0.44733,0.44734,9150823.98775885,0.44910894,3139,0.43765,0.46138
XRPUSD,1684351311460,0.44877,0.44862,0.44884,9301692.74320719,0.44910538,3196,0.43765,0.46138
XRPUSD,1684352524714,0.44937,0.44922,0.44917,9333788.52046397,0.44910458,3212,0.43765,0.46138
XRPUSD,1684353737849,0.44912,0.449,0.44861,9345166.4061133,0.44910359,3218,0.43765,0.46138
XRPUSD,1684354999968,0.44704,0.44689,0.44911,9422347.10327438,0.44910548,3241,0.43765,0.46138
XRPUSD,1684356120946,0.4475,0.44749,0.4475,9736496.13119925,0.44904726,3283,0.43765,0.46138
XRPUSD,1684357341161,0.44652,0.44649,0.44711,10865969.7338701,0.44888612,3398,0.43765,0.46138
XRPUSD,1684358526170,0.44712,0.44701,0.44689,10886182.0550711,0.44887962,3423,0.43765,0.46138
XRPUSD,1684359727860,0.44685,0.44668,0.44702,10899591.6079675,0.44887779,3435,0.43765,0.46138
XRPUSD,1684360960075,0.4466,0.44659,0.44659,10993215.7507214,0.44885545,3455,0.43765,0.46138
XRPUSD,1684362244222,0.4463,0.44619,0.44629,11020149.9515425,0.44884974,3476,0.43765,0.46138
XRPUSD,1684363325811,0.44622,0.44614,0.44618,11030282.095785,0.44884725,3484,0.43765,0.46138
XRPUSD,1684364546557,0.44745,0.44739,0.44633,11984925.3911652,0.44873909,3600,0.43765,0.46138
XRPUSD,1684365751969,0.44866,0.44851,0.44831,12036689.231978,0.4487347,3637,0.43765,0.46138
XRPUSD,1684366918267,0.44833,0.44832,0.44832,12038418.1779597,0.44873467,3647,0.43765,0.46138
XRPUSD,1684368345585,0.44718,0.44717,0.4467,40109.52055472,0.44790582,7,0.4467,0.44838
XRPUSD,1684369979128,0.44642,0.44634,0.44632,53451.88854353,0.44737932,28,0.44521,0.44838
XRPUSD,1684371733072,0.4446,0.44458,0.44489,77725.92728194,0.44697612,43,0.44489,0.44838
XRPUSD,1684374422080,0.44339,0.44336,0.44392,101339.2739764,0.44631955,67,0.44354,0.44838
XRPUSD,1684376191293,0.44528,0.44527,0.44507,107258.78518375,0.44622844,81,0.44315,0.44838
XRPUSD,1684377027095,0.44602,0.44594,0.44567,120307.53806464,0.44613968,95,0.44315,0.44838
XRPUSD,1684377885179,0.44733,0.44732,0.44734,121076.53806464,0.44613961,102,0.44315,0.44838
XRPUSD,1684378938750,0.44725,0.44713,0.44733,125676.48327287,0.44618681,104,0.44315,0.44838
XRPUSD,1684380233585,0.44746,0.44743,0.44776,125702.18317287,0.44618713,105,0.44315,0.44838
XRPUSD,1684381328415,0.44727,0.44719,0.4474,126810.11181487,0.44619783,107,0.44315,0.44838
XRPUSD,1684382552294,0.4479,0.44789,0.44772,127124.96901487,0.44620095,110,0.44315,0.44838
XRPUSD,1684383921132,0.44751,0.4474,0.44756,150947.01609495,0.44638215,137,0.44315,0.44838
XRPUSD,1684384928937,0.44742,0.44738,0.44678,154808.97455783,0.44639474,143,0.44315,0.44838
XRPUSD,1684386130977,0.44825,0.44815,0.44878,291913.68245617,0.44699362,167,0.44315,0.44878
XRPUSD,1684387462696,0.44871,0.44862,0.44831,298027.25973819,0.44701619,176,0.44315,0.44878
XRPUSD,1684388515802,0.44877,0.44872,0.4487,310686.23327152,0.44710697,195,0.44315,0.45016
XRPUSD,1684389775226,0.44844,0.44843,0.4482,318043.10380547,0.4471179,201,0.44315,0.45016
XRPUSD,1684391195849,0.44567,0.44556,0.44642,349911.52613775,0.44718135,225,0.44315,0.45016
XRPUSD,1684392130923,0.44527,0.44526,0.44538,363794.15437809,0.44712177,245,0.44315,0.45016
XRPUSD,1684393333263,0.44486,0.44471,0.445,390905.65574638,0.44693283,263,0.44315,0.45016
XRPUSD,1684394530656,0.44722,0.44712,0.44721,398682.23110145,0.44691358,281,0.44315,0.45016
XRPUSD,1684395716550,0.44742,0.44733,0.44733,458181.63970965,0.44697872,317,0.44315,0.45016
XRPUSD,1684396971620,0.44766,0.44762,0.44796,465068.10111965,0.44699224,328,0.44315,0.45016
XRPUSD,1684398331999,0.44593,0.44592,0.44597,486153.23142801,0.44700432,343,0.44315,0.45016
XRPUSD,1684399336871,0.44491,0.44488,0.44492,501147.09538433,0.44696786,364,0.44315,0.45016
XRPUSD,1684400543561,0.44552,0.44551,0.44557,503733.2542813,0.44695973,374,0.44315,0.45016
XRPUSD,1684401782489,0.44534,0.44526,0.44534,512029.31775325,0.44693429,390,0.44315,0.45016
XRPUSD,1684402926111,0.44679,0.44676,0.44693,575168.0594593,0.44686287,407,0.44315,0.45016
XRPUSD,1684404141458,0.44697,0.44696,0.44672,579165.26712958,0.44686097,417,0.44315,0.45016
XRPUSD,1684405506422,0.46163,0.46109,0.46101,1207489.78934954,0.45373648,779,0.44315,0.46844
XRPUSD,1684406511200,0.46214,0.46194,0.46214,1498097.35118772,0.45501004,917,0.44315,0.46844
XRPUSD,1684407725681,0.46991,0.46978,0.46986,1928195.60003978,0.45791908,1095,0.44315,0.47089
XRPUSD,1684408911671,0.46835,0.46824,0.46759,2465559.77852018,0.46027012,1267,0.44315,0.47227
XRPUSD,1684410109423,0.46746,0.46735,0.46748,2494440.62342904,0.46035516,1292,0.44315,0.47227
XRPUSD,1684411385260,0.46646,0.46639,0.46605,2596054.79974338,0.46059005,1331,0.44315,0.47227
XRPUSD,1684412967969,0.46818,0.46812,0.46837,2672129.09011624,0.46077176,1383,0.44315,0.47227
XRPUSD,1684414085919,0.46767,0.46766,0.468,2684074.80886972,0.46080343,1412,0.44315,0.47227
XRPUSD,1684415057005,0.46853,0.46846,0.46829,2726509.53754673,0.46090316,1441,0.44315,0.47227
XRPUSD,1684416386382,0.46567,0.46548,0.46607,2952088.4072751,0.46130526,1495,0.44315,0.47227
XRPUSD,1684417312912,0.46688,0.46669,0.46658,2955417.29956167,0.46131039,1504,0.44315,0.47227
XRPUSD,1684418529108,0.46272,0.46259,0.46271,3346812.06509996,0.46180236,1578,0.44315,0.47227
XRPUSD,1684419826608,0.46499,0.46498,0.46474,3441741.53138629,0.4618449,1625,0.44315,0.47227
XRPUSD,1684420930742,0.46469,0.4645,0.46467,3528486.13448652,0.46193711,1652,0.44315,0.47227
XRPUSD,1684422150368,0.46319,0.46318,0.46275,3640379.69479223,0.46195525,1707,0.44315,0.47227
XRPUSD,1684423410563,0.46091,0.46084,0.46028,3755426.28270056,0.46194837,1752,0.44315,0.47227
XRPUSD,1684424524800,0.45998,0.45997,0.46024,3991757.96601078,0.46190947,1792,0.44315,0.47227
XRPUSD,1684425762976,0.46082,0.46071,0.46063,4092850.75219231,0.46185785,1840,0.44315,0.47227
XRPUSD,1684427200192,0.46224,0.46208,0.46195,4188367.08815836,0.46181922,1878,0.44315,0.47227
XRPUSD,1684428115163,0.46233,0.46228,0.46251,4285375.26861778,0.46182955,1902,0.44315,0.47227
XRPUSD,1684429341286,0.46213,0.46196,0.46196,4422526.23543837,0.46183478,1920,0.44315,0.47227
XRPUSD,1684430610645,0.46179,0.46175,0.46198,4434644.04609828,0.46183471,1926,0.44315,0.47227
XRPUSD,1684431723888,0.45713,0.45712,0.45658,4489193.5864986,0.46180877,1969,0.44315,0.47227
XRPUSD,1684432973201,0.45184,0.45161,0.45128,4879455.20593412,0.46100633,2137,0.44315,0.47227
XRPUSD,1684434320231,0.45242,0.45227,0.45295,5062053.71921894,0.46067189,2217,0.44315,0.47227
XRPUSD,1684435318660,0.45195,0.45186,0.45201,5073336.69365663,0.46065084,2236,0.44315,0.47227
XRPUSD,1684436552167,0.45287,0.45275,0.45316,5085146.2133779,0.46063111,2252,0.44315,0.47227
XRPUSD,1684437711938,0.45515,0.45509,0.45579,5115499.16024434,0.46060271,2283,0.44315,0.47227
XRPUSD,1684438928916,0.45666,0.45661,0.45669,5155658.31816941,0.4605696,2307,0.44315,0.47227
XRPUSD,1684440159646,0.45651,0.45642,0.45641,5199363.1899731,0.46054223,2332,0.44315,0.47227
XRPUSD,1684441416141,0.45654,0.45649,0.4568,5277427.58233959,0.46048514,2351,0.44315,0.47227
XRPUSD,1684442515378,0.45938,0.45933,0.45978,5301622.10021285,0.46047751,2376,0.44315,0.47227
XRPUSD,1684443743597,0.46114,0.46095,0.46111,5354070.67893736,0.46047932,2418,0.44315,0.47227
XRPUSD,1684444915315,0.46371,0.46366,0.46359,5405742.99679574,0.46049155,2495,0.44315,0.47227
XRPUSD,1684446123735,0.46437,0.46428,0.46417,5961081.24541616,0.46090178,2627,0.44315,0.47227
XRPUSD,1684447346832,0.46325,0.46324,0.46293,6068645.86683643,0.46093126,2675,0.44315,0.47227
XRPUSD,1684448644564,0.46302,0.46293,0.46372,6123057.52974337,0.46095843,2708,0.44315,0.47227
XRPUSD,1684449710932,0.46263,0.46262,0.46302,6124657.8735697,0.46095889,2714,0.44315,0.47227
XRPUSD,1684450971786,0.46204,0.46199,0.4621,6129477.84350927,0.46095991,2727,0.44315,0.47227
XRPUSD,1684452190852,0.46036,0.46035,0.45999,6145204.01346452,0.46095782,2748,0.44315,0.47227
XRPUSD,1684453323379,0.46031,0.4603,0.46041,6625029.76462883,0.4609423,2815,0.44315,0.47227
XRPUSD,1684454770423,0.46118,0.46107,0.46199,824.44582795,0.46157088,3,0.46035,0.46199
XRPUSD,1684456354700,0.462,0.46189,0.46143,16771.6544467,0.46062634,10,0.46035,0.46199
XRPUSD,1684458095655,0.46356,0.46355,0.46362,48994.49758981,0.46160445,44,0.46035,0.46362
XRPUSD,1684460840910,0.45939,0.45929,0.45872,96480.22961439,0.46121752,89,0.45779,0.46362
XRPUSD,1684462596037,0.46095,0.46087,0.46145,126669.56814416,0.46091671,114,0.45779,0.46362
XRPUSD,1684463453931,0.46322,0.46317,0.46345,130503.30858672,0.46095058,128,0.45779,0.46362
XRPUSD,1684464291008,0.46488,0.46479,0.46429,322135.77186226,0.46374844,197,0.45779,0.46796
XRPUSD,1684465374507,0.46383,0.4637,0.46492,325371.73284095,0.46375165,206,0.45779,0.46796
XRPUSD,1684466617747,0.46367,0.46363,0.46415,331979.84682095,0.46375975,217,0.45779,0.46796
XRPUSD,1684467719051,0.46559,0.46558,0.46565,355646.89473994,0.46387516,236,0.45779,0.46796
XRPUSD,1684468962997,0.464,0.46393,0.46433,390967.75521209,0.46399459,285,0.45779,0.46796
XRPUSD,1684470322396,0.46662,0.46655,0.46652,401608.77704142,0.46403428,308,0.45779,0.46796
XRPUSD,1684471334852,0.46621,0.46617,0.46607,458191.04886324,0.46447124,326,0.45779,0.46796
XRPUSD,1684472540908,0.46689,0.46672,0.46688,472061.64616458,0.46454381,338,0.45779,0.46796
XRPUSD,1684473842301,0.46601,0.46595,0.46586,541616.94083593,0.46466625,361,0.45779,0.46796
XRPUSD,1684474922806,0.46502,0.46499,0.46476,563741.42597785,0.46466311,371,0.45779,0.46796
XRPUSD,1684476153607,0.46543,0.46533,0.46496,586878.13191414,0.464666,383,0.45779,0.46796
XRPUSD,1684477549223,0.4625,0.4623,0.46238,727237.11149997,0.46446219,419,0.45779,0.46796
XRPUSD,1684478518730,0.46399,0.46386,0.46428,733653.50159237,0.46445254,436,0.45779,0.46796
XRPUSD,1684479751354,0.46217,0.46215,0.46202,798077.06937379,0.46432057,465,0.45779,0.46796
XRPUSD,1684480928370,0.46147,0.46146,0.46146,807629.16711873,0.46429138,485,0.45779,0.46796
XRPUSD,1684482119687,0.45985,0.45977,0.45953,822063.57555249,0.46421983,499,0.45779,0.46796
XRPUSD,1684483372224,0.45985,0.45984,0.45985,864210.41663179,0.46401374,545,0.45779,0.46796
XRPUSD,1684484709589,0.46142,0.46137,0.46147,960885.06067358,0.46374475,574,0.45779,0.46796
XRPUSD,1684485715401,0.46234,0.46223,0.46231,968599.79316425,0.46373277,585,0.45779,0.46796
XRPUSD,1684486939217,0.46255,0.46252,0.46256,981151.97997659,0.46371399,600,0.45779,0.46796
XRPUSD,1684488184718,0.46377,0.46376,0.46344,1114743.31827819,0.46367332,637,0.45779,0.46796
XRPUSD,1684489319903,0.4639,0.4638,0.46381,1130613.52683746,0.46367309,665,0.45779,0.46796
XRPUSD,1684491926376,0.46194,0.46193,0.46191,1433667.72357165,0.46321956,763,0.45779,0.46796
XRPUSD,1684492920331,0.46368,0.46364,0.46373,1630596.81773676,0.4632598,801,0.45779,0.46796
XRPUSD,1684494155812,0.46467,0.46459,0.4649,1694224.77871693,0.46329204,832,0.45779,0.46796
XRPUSD,1684495327507,0.46575,0.46574,0.46593,1828109.95323587,0.46337575,865,0.45779,0.46796
XRPUSD,1684496537653,0.46386,0.46375,0.4639,1836725.32033927,0.46337923,877,0.45779,0.46796
XRPUSD,1684497768401,0.46331,0.46323,0.4633,1874379.69304985,0.46337106,891,0.45779,0.46796
XRPUSD,1684499376686,0.46464,0.46452,0.46468,1905615.92908252,0.46337763,908,0.45779,0.46796
XRPUSD,1684500431436,0.4647,0.46461,0.46448,1949782.92651252,0.46339966,918,0.45779,0.46796
XRPUSD,1684501401451,0.46479,0.4647,0.46468,1950222.39087315,0.46339995,921,0.45779,0.46796
XRPUSD,1684502648575,0.46407,0.46406,0.46359,2221523.60388462,0.46351464,955,0.45779,0.46796
XRPUSD,1684503712147,0.46412,0.46405,0.46357,2240884.56091629,0.46351758,969,0.45779,0.46796
XRPUSD,1684504951257,0.46374,0.46373,0.46411,2361595.02788778,0.46354446,993,0.45779,0.46796
XRPUSD,1684506238716,0.46279,0.46267,0.46279,2404225.93910574,0.46352822,1024,0.45779,0.46796
XRPUSD,1684507315487,0.46245,0.46237,0.46261,3026264.47603074,0.46341895,1094,0.45779,0.46796
XRPUSD,1684508536293,0.47274,0.47264,0.47291,4106239.01198143,0.46492475,1344,0.45779,0.475
XRPUSD,1684509792754,0.47253,0.47234,0.47272,4374097.75670625,0.46544934,1452,0.45779,0.475
XRPUSD,1684510917216,0.46362,0.46351,0.4642,4870173.41375274,0.46548735,1639,0.45779,0.475
XRPUSD,1684512163778,0.46493,0.46492,0.46574,4913860.11056137,0.46548487,1670,0.45779,0.475
XRPUSD,1684513602524,0.46905,0.469,0.46932,5630539.17508087,0.46580835,1796,0.45779,0.475
XRPUSD,1684514516871,0.46871,0.46864,0.46872,7039262.65567426,0.46610735,1963,0.45779,0.475
XRPUSD,1684515752290,0.46696,0.46688,0.46711,7186489.64792171,0.46616537,1998,0.45779,0.475
XRPUSD,1684517019142,0.46707,0.46706,0.4666,7192771.94863365,0.46616564,2013,0.45779,0.475
XRPUSD,1684518116254,0.46684,0.46678,0.46719,8176428.65324137,0.46632107,2153,0.45779,0.475
XRPUSD,1684519366797,0.46856,0.46846,0.46807,8357453.26693956,0.46635601,2187,0.45779,0.475
XRPUSD,1684520707400,0.46781,0.46773,0.46783,8480916.72262098,0.46637552,2211,0.45779,0.475
XRPUSD,1684521727660,0.46764,0.46753,0.46709,8490920.05147866,0.4663764,2220,0.45779,0.475
XRPUSD,1684522952841,0.46736,0.46724,0.46702,8517012.55596536,0.46637957,2235,0.45779,0.475
XRPUSD,1684524110496,0.46741,0.4674,0.46737,8517761.42730926,0.46637965,2236,0.45779,0.475
XRPUSD,1684525320263,0.46408,0.46401,0.46428,8551542.99026487,0.46637184,2262,0.45779,0.475
XRPUSD,1684526547717,0.46559,0.4655,0.46519,8563027.48336806,0.46636876,2273,0.45779,0.475
XRPUSD,1684527794865,0.46638,0.46637,0.46639,8586086.53447831,0.4663696,2291,0.45779,0.475
XRPUSD,1684528917984,0.46521,0.46517,0.46498,8624333.06682595,0.46636494,2306,0.45779,0.475
XRPUSD,1684530140842,0.46543,0.46537,0.46517,8674071.03092805,0.46635813,2318,0.45779,0.475
XRPUSD,1684531326407,0.46601,0.466,0.4662,8681764.1864688,0.46635736,2323,0.45779,0.475
XRPUSD,1684532531243,0.46617,0.46608,0.46683,8709945.63711006,0.46635889,2342,0.45779,0.475
XRPUSD,1684533734879,0.4671,0.46709,0.4675,8738531.30238948,0.46635927,2348,0.45779,0.475
