pair,timestamp,bid,ask,last_trade,rolling_24_hour_volume,status,client_timestamp
"AVAXZAR",1684056788836,"297.86000000","298.00000000","298.00000000","137.28870000","ACTIVE",1684056788836
"AVAXZAR",1684057157301,"297.99000000","298.00000000","298.00000000","137.28870000","ACTIVE",1684057157301
"AVAXZAR",1684057331475,"297.99000000","298.00000000","298.00000000","137.22880000","ACTIVE",1684057331475
"AVAXZAR",1684057573221,"297.99000000","298.00000000","298.00000000","137.14550000","ACTIVE",1684057573221
"AVAXZAR",1684058553485,"297.99000000","298.00000000","298.00000000","137.08560000","ACTIVE",1684058553485
"AVAXZAR",1684059888670,"297.99000000","298.00000000","294.89000000","131.21430000","ACTIVE",1684059888670
"AVAXZAR",1684060912072,"297.99000000","298.00000000","294.89000000","131.18070000","ACTIVE",1684060912072
"AVAXZAR",1684062137898,"297.99000000","298.00000000","294.89000000","131.18070000","ACTIVE",1684062137898
"AVAXZAR",1684063321492,"297.99000000","298.00000000","294.89000000","131.18070000","ACTIVE",1684063321492
"AVAXZAR",1684064543302,"297.99000000","298.00000000","294.89000000","131.18070000","ACTIVE",1684064543302
"AVAXZAR",1684065766316,"297.92000000","298.00000000","294.89000000","131.18070000","ACTIVE",1684065766316
"AVAXZAR",1684067350599,"297.77000000","298.00000000","294.89000000","131.18070000","ACTIVE",1684067350599
"AVAXZAR",1684068377576,"297.99000000","298.00000000","294.89000000","131.18070000","ACTIVE",1684068377576
"AVAXZAR",1684069354077,"297.39000000","298.00000000","297.39000000","132.59830000","ACTIVE",1684069354077
"AVAXZAR",1684070590986,"297.99000000","298.00000000","297.39000000","130.72700000","ACTIVE",1684070590986
"AVAXZAR",1684071723504,"297.99000000","298.00000000","297.39000000","130.66600000","ACTIVE",1684071723504
"AVAXZAR",1684072971579,"296.49000000","298.00000000","290.00000000","131.74670000","ACTIVE",1684072971579
"AVAXZAR",1684074192815,"290.00000000","298.00000000","290.00000000","135.00390000","ACTIVE",1684074192815
"AVAXZAR",1684075320203,"295.89000000","297.99000000","290.01000000","137.86650000","ACTIVE",1684075320203
"AVAXZAR",1684076541228,"297.18000000","297.99000000","290.01000000","138.47680000","ACTIVE",1684076541228
"AVAXZAR",1684077767893,"296.98000000","297.99000000","296.33000000","138.58570000","ACTIVE",1684077767893
"AVAXZAR",1684078932818,"297.52000000","297.99000000","290.01000000","134.90430000","ACTIVE",1684078932818
"AVAXZAR",1684080177858,"297.98000000","297.99000000","290.01000000","135.23370000","ACTIVE",1684080177858
"AVAXZAR",1684081565062,"297.97000000","297.98000000","297.98000000","135.35450000","ACTIVE",1684081565062
"AVAXZAR",1684082541783,"297.67000000","297.98000000","297.72000000","98.43780000","ACTIVE",1684082541783
"AVAXZAR",1684083736979,"297.97000000","297.98000000","297.72000000","98.43780000","ACTIVE",1684083736979
"AVAXZAR",1684084979764,"297.98000000","297.99000000","297.99000000","98.43780000","ACTIVE",1684084979764
"AVAXZAR",1684086125403,"297.98000000","297.99000000","297.98000000","98.63560000","ACTIVE",1684086125403
"AVAXZAR",1684087394354,"297.18000000","297.58000000","297.58000000","98.69600000","ACTIVE",1684087394354
"AVAXZAR",1684088680120,"297.39000000","297.41000000","290.00000000","129.40100000","ACTIVE",1684088680120
"AVAXZAR",1684089731326,"297.91000000","297.97000000","290.00000000","129.40100000","ACTIVE",1684089731326
"AVAXZAR",1684090956581,"297.83000000","297.94000000","290.00000000","129.40100000","ACTIVE",1684090956581
"AVAXZAR",1684092136112,"297.38000000","297.39000000","290.00000000","129.40100000","ACTIVE",1684092136112
"AVAXZAR",1684093327241,"296.57000000","296.58000000","295.88000000","129.76430000","ACTIVE",1684093327241
"AVAXZAR",1684094557384,"292.74000000","292.75000000","295.88000000","129.76430000","ACTIVE",1684094557384
"AVAXZAR",1684095780496,"292.52000000","292.86000000","295.88000000","129.76430000","ACTIVE",1684095780496
"AVAXZAR",1684096913465,"291.82000000","292.13000000","292.66000000","129.88730000","ACTIVE",1684096913465
"AVAXZAR",1684098151979,"292.18000000","292.25000000","292.66000000","129.88730000","ACTIVE",1684098151979
"AVAXZAR",1684099347309,"292.52000000","292.61000000","292.66000000","129.86890000","ACTIVE",1684099347309
"AVAXZAR",1684100522928,"292.88000000","292.89000000","292.66000000","129.86890000","ACTIVE",1684100522928
"AVAXZAR",1684101736519,"293.29000000","293.33000000","292.66000000","109.86890000","ACTIVE",1684101736519
"AVAXZAR",1684103020425,"293.69000000","293.70000000","292.66000000","109.86890000","ACTIVE",1684103020425
"AVAXZAR",1684104131565,"294.10000000","294.11000000","292.66000000","109.86890000","ACTIVE",1684104131565
"AVAXZAR",1684105367041,"295.42000000","295.67000000","292.66000000","109.86890000","ACTIVE",1684105367041
"AVAXZAR",1684106613048,"294.86000000","294.89000000","292.66000000","109.86890000","ACTIVE",1684106613048
"AVAXZAR",1684107738162,"295.26000000","295.83000000","292.66000000","109.86890000","ACTIVE",1684107738162
"AVAXZAR",1684109165954,"295.00000000","295.57000000","292.66000000","109.86890000","ACTIVE",1684109165954
"AVAXZAR",1684110765918,"293.58000000","293.76000000","292.66000000","109.86890000","ACTIVE",1684110765918
"AVAXZAR",1684112460845,"292.07000000","292.26000000","292.66000000","61.66890000","ACTIVE",1684112460845
"AVAXZAR",1684114609030,"294.94000000","295.49000000","292.66000000","61.66890000","ACTIVE",1684114609030
"AVAXZAR",1684116178323,"295.81000000","295.82000000","292.66000000","61.66890000","ACTIVE",1684116178323
"AVAXZAR",1684117881519,"295.77000000","295.78000000","292.66000000","61.66890000","ACTIVE",1684117881519
"AVAXZAR",1684118731831,"295.77000000","295.78000000","292.66000000","61.66890000","ACTIVE",1684118731831
"AVAXZAR",1684119757807,"295.77000000","295.78000000","292.66000000","61.66890000","ACTIVE",1684119757807
"AVAXZAR",1684121022139,"295.77000000","295.78000000","292.66000000","61.66890000","ACTIVE",1684121022139
"AVAXZAR",1684122137437,"295.77000000","295.78000000","292.66000000","61.66890000","ACTIVE",1684122137437
"AVAXZAR",1684123393679,"295.77000000","295.78000000","292.66000000","61.66890000","ACTIVE",1684123393679
"AVAXZAR",1684124721805,"295.77000000","295.78000000","292.66000000","61.66890000","ACTIVE",1684124721805
"AVAXZAR",1684125720511,"295.77000000","295.78000000","292.66000000","61.66890000","ACTIVE",1684125720511
"AVAXZAR",1684126950081,"291.57000000","295.78000000","295.17000000","61.66890000","ACTIVE",1684126950081
"AVAXZAR",1684128252601,"295.77000000","295.78000000","295.17000000","49.40490000","ACTIVE",1684128252601
"AVAXZAR",1684129361565,"295.77000000","295.78000000","295.77000000","49.40530000","ACTIVE",1684129361565
"AVAXZAR",1684130586859,"293.16000000","293.17000000","293.17000000","49.58780000","ACTIVE",1684130586859
"AVAXZAR",1684132943083,"293.16000000","293.17000000","293.17000000","49.58780000","ACTIVE",1684132943083
"AVAXZAR",1684134162515,"293.16000000","293.17000000","293.17000000","49.58780000","ACTIVE",1684134162515
"AVAXZAR",1684135385833,"293.16000000","293.17000000","293.17000000","49.58780000","ACTIVE",1684135385833
"AVAXZAR",1684136530782,"293.16000000","293.17000000","293.17000000","49.58780000","ACTIVE",1684136530782
"AVAXZAR",1684137765095,"293.16000000","293.17000000","293.17000000","49.58780000","ACTIVE",1684137765095
"AVAXZAR",1684139142833,"293.16000000","293.17000000","293.17000000","49.58780000","ACTIVE",1684139142833
"AVAXZAR",1684140124077,"293.16000000","293.17000000","293.17000000","49.46460000","ACTIVE",1684140124077
"AVAXZAR",1684141356875,"293.16000000","293.17000000","293.16000000","49.46460000","ACTIVE",1684141356875
"AVAXZAR",1684142609464,"293.16000000","293.17000000","293.16000000","49.38920000","ACTIVE",1684142609464
"AVAXZAR",1684143721119,"293.16000000","293.17000000","293.16000000","49.38340000","ACTIVE",1684143721119
"AVAXZAR",1684144947813,"293.16000000","293.17000000","293.00000000","63.80560000","ACTIVE",1684144947813
"AVAXZAR",1684146334923,"293.16000000","293.17000000","293.00000000","63.34340000","ACTIVE",1684146334923
"AVAXZAR",1684147324333,"293.16000000","293.17000000","293.00000000","63.34340000","ACTIVE",1684147324333
"AVAXZAR",1684148550622,"293.16000000","293.17000000","293.00000000","63.34340000","ACTIVE",1684148550622
"AVAXZAR",1684149722421,"294.99000000","295.00000000","293.17000000","66.53210000","ACTIVE",1684149722421
"AVAXZAR",1684150938038,"294.99000000","295.00000000","293.17000000","66.53210000","ACTIVE",1684150938038
"AVAXZAR",1684152211596,"294.99000000","295.00000000","293.17000000","66.53210000","ACTIVE",1684152211596
"AVAXZAR",1684153779592,"294.99000000","295.00000000","293.17000000","66.53210000","ACTIVE",1684153779592
"AVAXZAR",1684154916469,"294.99000000","295.00000000","293.17000000","66.53210000","ACTIVE",1684154916469
"AVAXZAR",1684155887111,"294.99000000","295.00000000","293.17000000","65.11450000","ACTIVE",1684155887111
"AVAXZAR",1684157132511,"294.99000000","295.00000000","293.17000000","63.97880000","ACTIVE",1684157132511
"AVAXZAR",1684158122685,"294.98000000","295.00000000","294.99000000","64.03980000","ACTIVE",1684158122685
"AVAXZAR",1684159336540,"294.99000000","295.00000000","294.69000000","63.19410000","ACTIVE",1684159336540
"AVAXZAR",1684160664187,"294.97000000","294.98000000","293.29000000","59.99790000","ACTIVE",1684160664187
"AVAXZAR",1684161751786,"293.92000000","294.98000000","294.27000000","58.34530000","ACTIVE",1684161751786
"AVAXZAR",1684162947357,"294.97000000","294.98000000","294.27000000","56.32810000","ACTIVE",1684162947357
"AVAXZAR",1684164241923,"294.97000000","294.98000000","294.94000000","56.20920000","ACTIVE",1684164241923
"AVAXZAR",1684165333176,"294.97000000","294.98000000","294.94000000","54.28610000","ACTIVE",1684165333176
"AVAXZAR",1684166555541,"294.97000000","294.98000000","294.94000000","53.25390000","ACTIVE",1684166555541
"AVAXZAR",1684167983229,"294.97000000","294.98000000","294.94000000","53.13310000","ACTIVE",1684167983229
"AVAXZAR",1684168920355,"294.97000000","294.98000000","294.94000000","52.66440000","ACTIVE",1684168920355
"AVAXZAR",1684170158666,"294.97000000","294.98000000","294.94000000","52.66440000","ACTIVE",1684170158666
"AVAXZAR",1684171424720,"294.97000000","294.98000000","294.97000000","53.40340000","ACTIVE",1684171424720
"AVAXZAR",1684172518420,"294.97000000","294.98000000","294.97000000","53.20560000","ACTIVE",1684172518420
"AVAXZAR",1684173765410,"294.97000000","294.98000000","294.97000000","53.14520000","ACTIVE",1684173765410
"AVAXZAR",1684175129695,"294.97000000","294.98000000","294.97000000","22.46860000","ACTIVE",1684175129695
"AVAXZAR",1684176128016,"294.97000000","294.98000000","294.97000000","22.46860000","ACTIVE",1684176128016
"AVAXZAR",1684177342921,"294.97000000","294.98000000","294.97000000","22.46860000","ACTIVE",1684177342921
"AVAXZAR",1684178517224,"294.97000000","294.98000000","294.97000000","22.47110000","ACTIVE",1684178517224
"AVAXZAR",1684179722899,"294.97000000","294.98000000","294.97000000","22.11020000","ACTIVE",1684179722899
"AVAXZAR",1684180944171,"294.97000000","294.98000000","294.97000000","22.11020000","ACTIVE",1684180944171
"AVAXZAR",1684182219044,"294.97000000","294.98000000","294.97000000","22.11020000","ACTIVE",1684182219044
"AVAXZAR",1684183318899,"294.97000000","294.98000000","294.97000000","21.98720000","ACTIVE",1684183318899
"AVAXZAR",1684184557369,"294.97000000","294.98000000","294.97000000","21.98720000","ACTIVE",1684184557369
"AVAXZAR",1684185720357,"294.99000000","295.00000000","295.00000000","25.37720000","ACTIVE",1684185720357
"AVAXZAR",1684186927042,"294.99000000","295.00000000","295.00000000","25.37720000","ACTIVE",1684186927042
"AVAXZAR",1684188169636,"294.99000000","295.00000000","295.00000000","25.37720000","ACTIVE",1684188169636
"AVAXZAR",1684189460207,"294.99000000","295.00000000","295.00000000","25.37720000","ACTIVE",1684189460207
"AVAXZAR",1684190547073,"294.99000000","295.00000000","295.00000000","25.37720000","ACTIVE",1684190547073
"AVAXZAR",1684191730843,"294.99000000","295.00000000","295.00000000","25.37720000","ACTIVE",1684191730843
"AVAXZAR",1684192965170,"294.99000000","295.00000000","295.00000000","25.37720000","ACTIVE",1684192965170
"AVAXZAR",1684194116154,"294.89000000","295.00000000","295.00000000","25.37720000","ACTIVE",1684194116154
"AVAXZAR",1684195546041,"293.63000000","294.08000000","295.00000000","25.37720000","ACTIVE",1684195546041
"AVAXZAR",1684197162649,"294.63000000","294.89000000","295.00000000","25.37720000","ACTIVE",1684197162649
"AVAXZAR",1684198829374,"292.64000000","293.18000000","295.00000000","25.37720000","ACTIVE",1684198829374
"AVAXZAR",1684200997021,"290.05000000","290.06000000","295.00000000","25.37720000","ACTIVE",1684200997021
"AVAXZAR",1684202526352,"290.11000000","290.38000000","295.00000000","25.37720000","ACTIVE",1684202526352
"AVAXZAR",1684204226463,"290.13000000","290.37000000","295.00000000","25.37720000","ACTIVE",1684204226463
"AVAXZAR",1684205099409,"290.33000000","290.64000000","295.00000000","25.37720000","ACTIVE",1684205099409
"AVAXZAR",1684206169618,"291.31000000","291.81000000","295.00000000","25.37720000","ACTIVE",1684206169618
"AVAXZAR",1684207444426,"291.51000000","291.73000000","295.00000000","25.37720000","ACTIVE",1684207444426
"AVAXZAR",1684208533468,"290.91000000","291.39000000","291.61000000","25.49860000","ACTIVE",1684208533468
"AVAXZAR",1684209766876,"290.75000000","291.26000000","291.61000000","25.49860000","ACTIVE",1684209766876
"AVAXZAR",1684211148965,"290.83000000","291.25000000","291.61000000","25.49860000","ACTIVE",1684211148965
"AVAXZAR",1684212132212,"292.43000000","292.45000000","291.61000000","25.49860000","ACTIVE",1684212132212
"AVAXZAR",1684213340075,"291.67000000","291.69000000","293.98000000","26.26950000","ACTIVE",1684213340075
"AVAXZAR",1684214662414,"291.81000000","291.83000000","293.98000000","25.80220000","ACTIVE",1684214662414
"AVAXZAR",1684215728264,"293.96000000","293.98000000","293.98000000","25.74140000","ACTIVE",1684215728264
"AVAXZAR",1684216970876,"291.87000000","292.12000000","293.98000000","25.55890000","ACTIVE",1684216970876
"AVAXZAR",1684218364805,"291.58000000","291.83000000","291.60000000","25.67890000","ACTIVE",1684218364805
"AVAXZAR",1684219315258,"291.49000000","291.99000000","291.60000000","25.67890000","ACTIVE",1684219315258
"AVAXZAR",1684220567477,"292.26000000","292.27000000","292.27000000","25.74040000","ACTIVE",1684220567477
"AVAXZAR",1684221754735,"292.26000000","292.27000000","292.27000000","25.74040000","ACTIVE",1684221754735
"AVAXZAR",1684222932472,"292.26000000","292.27000000","292.27000000","25.74040000","ACTIVE",1684222932472
"AVAXZAR",1684224205691,"292.26000000","292.27000000","292.27000000","25.74040000","ACTIVE",1684224205691
"AVAXZAR",1684225538090,"292.26000000","292.27000000","292.27000000","25.74040000","ACTIVE",1684225538090
"AVAXZAR",1684226534518,"292.26000000","292.27000000","292.27000000","25.74040000","ACTIVE",1684226534518
"AVAXZAR",1684227733905,"292.25000000","292.26000000","292.26000000","25.74040000","ACTIVE",1684227733905
"AVAXZAR",1684228983239,"292.25000000","292.26000000","292.26000000","25.75650000","ACTIVE",1684228983239
"AVAXZAR",1684230135983,"292.24000000","292.25000000","292.25000000","25.82450000","ACTIVE",1684230135983
"AVAXZAR",1684231348938,"292.24000000","292.25000000","292.25000000","11.40230000","ACTIVE",1684231348938
"AVAXZAR",1684232730184,"291.10000000","292.08000000","292.25000000","11.40230000","ACTIVE",1684232730184
"AVAXZAR",1684233722557,"291.91000000","291.93000000","292.25000000","11.40230000","ACTIVE",1684233722557
"AVAXZAR",1684234954463,"291.81000000","291.89000000","292.25000000","11.40230000","ACTIVE",1684234954463
"AVAXZAR",1684236118176,"291.92000000","292.06000000","292.25000000","8.21360000","ACTIVE",1684236118176
"AVAXZAR",1684237341756,"292.07000000","292.08000000","292.25000000","8.21360000","ACTIVE",1684237341756
"AVAXZAR",1684238565865,"291.56000000","291.57000000","292.25000000","8.21360000","ACTIVE",1684238565865
"AVAXZAR",1684240212237,"291.52000000","292.08000000","292.25000000","8.21360000","ACTIVE",1684240212237
"AVAXZAR",1684241336242,"291.14000000","291.23000000","292.25000000","8.21360000","ACTIVE",1684241336242
"AVAXZAR",1684242296194,"291.02000000","291.05000000","292.25000000","8.21360000","ACTIVE",1684242296194
"AVAXZAR",1684243522504,"290.63000000","290.64000000","290.00000000","10.75960000","ACTIVE",1684243522504
"AVAXZAR",1684244515770,"290.00000000","290.80000000","290.00000000","10.69860000","ACTIVE",1684244515770
"AVAXZAR",1684245762641,"290.37000000","290.39000000","290.37000000","10.33860000","ACTIVE",1684245762641
"AVAXZAR",1684247049076,"290.37000000","290.38000000","290.37000000","10.59020000","ACTIVE",1684247049076
"AVAXZAR",1684248135593,"290.00000000","290.36000000","290.37000000","9.38020000","ACTIVE",1684248135593
"AVAXZAR",1684249374766,"291.18000000","291.20000000","290.37000000","9.01420000","ACTIVE",1684249374766
"AVAXZAR",1684250645447,"290.54000000","290.56000000","290.37000000","8.22420000","ACTIVE",1684250645447
"AVAXZAR",1684251728829,"290.19000000","290.20000000","290.37000000","8.22420000","ACTIVE",1684251728829
"AVAXZAR",1684252962775,"290.00000000","290.83000000","290.00000000","8.22420000","ACTIVE",1684252962775
"AVAXZAR",1684254416743,"290.39000000","290.45000000","290.00000000","20.02710000","ACTIVE",1684254416743
"AVAXZAR",1684255351415,"287.99000000","288.00000000","288.00000000","25.24550000","ACTIVE",1684255351415
"AVAXZAR",1684256554986,"287.99000000","288.00000000","286.00000000","26.24720000","ACTIVE",1684256554986
"AVAXZAR",1684257830849,"287.99000000","288.00000000","286.00000000","25.50820000","ACTIVE",1684257830849
"AVAXZAR",1684258917247,"290.49000000","290.50000000","290.48000000","29.19910000","ACTIVE",1684258917247
"AVAXZAR",1684260175171,"290.48000000","290.49000000","290.48000000","29.19910000","ACTIVE",1684260175171
"AVAXZAR",1684261540238,"290.48000000","290.49000000","290.48000000","29.17070000","ACTIVE",1684261540238
"AVAXZAR",1684262547126,"290.48000000","290.49000000","290.48000000","29.17070000","ACTIVE",1684262547126
"AVAXZAR",1684263748621,"290.48000000","290.49000000","290.48000000","29.17070000","ACTIVE",1684263748621
"AVAXZAR",1684264935631,"290.48000000","290.49000000","290.48000000","29.16820000","ACTIVE",1684264935631
"AVAXZAR",1684266118901,"286.26000000","287.32000000","287.32000000","29.41180000","ACTIVE",1684266118901
"AVAXZAR",1684267346579,"288.61000000","289.00000000","286.00000000","29.84890000","ACTIVE",1684267346579
"AVAXZAR",1684268621563,"288.77000000","289.10000000","286.00000000","29.84890000","ACTIVE",1684268621563
"AVAXZAR",1684269746903,"291.15000000","291.17000000","292.25000000","29.84890000","ACTIVE",1684269746903
"AVAXZAR",1684270959672,"291.39000000","291.41000000","292.25000000","38.41610000","ACTIVE",1684270959672
"AVAXZAR",1684272131309,"290.08000000","290.25000000","292.25000000","35.02610000","ACTIVE",1684272131309
"AVAXZAR",1684273328952,"290.38000000","290.82000000","292.25000000","35.02610000","ACTIVE",1684273328952
"AVAXZAR",1684274551844,"291.33000000","292.25000000","292.25000000","35.02610000","ACTIVE",1684274551844
"AVAXZAR",1684275850150,"291.11000000","291.18000000","292.25000000","35.02610000","ACTIVE",1684275850150
"AVAXZAR",1684276916575,"291.02000000","291.19000000","292.25000000","35.02610000","ACTIVE",1684276916575
"AVAXZAR",1684278147459,"290.69000000","291.00000000","290.69000000","35.02610000","ACTIVE",1684278147459
"AVAXZAR",1684279387983,"290.62000000","291.00000000","290.69000000","35.12920000","ACTIVE",1684279387983
"AVAXZAR",1684280520435,"291.35000000","291.36000000","290.99000000","35.19100000","ACTIVE",1684280520435
"AVAXZAR",1684281980061,"290.92000000","291.24000000","290.99000000","35.19100000","ACTIVE",1684281980061
"AVAXZAR",1684283556538,"290.37000000","290.38000000","290.99000000","35.19100000","ACTIVE",1684283556538
"AVAXZAR",1684285280828,"291.41000000","291.49000000","291.13000000","35.25100000","ACTIVE",1684285280828
"AVAXZAR",1684288122839,"292.24000000","292.25000000","291.48000000","35.29380000","ACTIVE",1684288122839
"AVAXZAR",1684289830255,"292.24000000","292.25000000","292.24000000","35.45500000","ACTIVE",1684289830255
"AVAXZAR",1684290695059,"292.24000000","292.25000000","292.24000000","35.45500000","ACTIVE",1684290695059
"AVAXZAR",1684291496653,"292.24000000","292.25000000","292.24000000","35.45500000","ACTIVE",1684291496653
"AVAXZAR",1684292606065,"292.08000000","292.25000000","292.24000000","35.45500000","ACTIVE",1684292606065
"AVAXZAR",1684293818375,"292.24000000","292.25000000","292.24000000","35.45500000","ACTIVE",1684293818375
"AVAXZAR",1684294924028,"292.24000000","292.25000000","292.24000000","35.33360000","ACTIVE",1684294924028
"AVAXZAR",1684296170953,"292.24000000","292.25000000","292.24000000","35.33360000","ACTIVE",1684296170953
"AVAXZAR",1684297513106,"292.24000000","292.25000000","292.24000000","35.33360000","ACTIVE",1684297513106
"AVAXZAR",1684298547397,"292.24000000","292.25000000","292.24000000","35.33360000","ACTIVE",1684298547397
"AVAXZAR",1684299756484,"292.24000000","292.25000000","292.25000000","45.17330000","ACTIVE",1684299756484
"AVAXZAR",1684301050524,"292.16000000","292.25000000","292.25000000","46.88410000","ACTIVE",1684301050524
"AVAXZAR",1684302123657,"292.13000000","292.25000000","292.25000000","46.88410000","ACTIVE",1684302123657
"AVAXZAR",1684303382831,"292.14000000","292.25000000","292.25000000","46.88410000","ACTIVE",1684303382831
"AVAXZAR",1684304770304,"291.76000000","291.89000000","292.25000000","66.06740000","ACTIVE",1684304770304
"AVAXZAR",1684305726471,"291.99000000","292.20000000","292.25000000","66.06740000","ACTIVE",1684305726471
"AVAXZAR",1684306957899,"292.43000000","292.45000000","292.45000000","68.80480000","ACTIVE",1684306957899
"AVAXZAR",1684308134825,"292.67000000","292.94000000","292.45000000","68.80480000","ACTIVE",1684308134825
"AVAXZAR",1684309323574,"291.98000000","292.20000000","292.45000000","68.80480000","ACTIVE",1684309323574
"AVAXZAR",1684310595733,"290.95000000","293.17000000","295.00000000","102.70660000","ACTIVE",1684310595733
"AVAXZAR",1684311938089,"290.42000000","290.70000000","290.42000000","104.33580000","ACTIVE",1684311938089
"AVAXZAR",1684312945655,"290.70000000","291.29000000","290.42000000","104.33580000","ACTIVE",1684312945655
"AVAXZAR",1684314156590,"290.91000000","293.08000000","290.42000000","104.33580000","ACTIVE",1684314156590
"AVAXZAR",1684315411061,"291.45000000","291.83000000","290.42000000","104.27430000","ACTIVE",1684315411061
"AVAXZAR",1684316533990,"292.38000000","292.39000000","290.42000000","104.20630000","ACTIVE",1684316533990
"AVAXZAR",1684317755934,"292.41000000","292.58000000","290.42000000","104.20630000","ACTIVE",1684317755934
"AVAXZAR",1684319133718,"291.94000000","292.01000000","290.42000000","104.20630000","ACTIVE",1684319133718
"AVAXZAR",1684320134049,"292.14000000","292.43000000","290.42000000","104.20630000","ACTIVE",1684320134049
"AVAXZAR",1684321342078,"292.07000000","292.24000000","290.42000000","104.20630000","ACTIVE",1684321342078
"AVAXZAR",1684322515460,"291.07000000","291.83000000","290.42000000","104.20630000","ACTIVE",1684322515460
"AVAXZAR",1684323733294,"291.14000000","291.23000000","290.42000000","104.20630000","ACTIVE",1684323733294
"AVAXZAR",1684324971708,"290.50000000","290.51000000","290.42000000","104.20630000","ACTIVE",1684324971708
"AVAXZAR",1684326569688,"290.58000000","290.61000000","290.61000000","104.32820000","ACTIVE",1684326569688
"AVAXZAR",1684327674677,"290.51000000","290.52000000","290.61000000","104.32820000","ACTIVE",1684327674677
"AVAXZAR",1684328648234,"290.60000000","290.61000000","290.61000000","104.32820000","ACTIVE",1684328648234
"AVAXZAR",1684329897276,"290.60000000","290.61000000","290.61000000","101.78220000","ACTIVE",1684329897276
"AVAXZAR",1684330922506,"290.60000000","290.61000000","290.61000000","101.78220000","ACTIVE",1684330922506
"AVAXZAR",1684332164707,"290.60000000","290.61000000","290.61000000","101.78220000","ACTIVE",1684332164707
"AVAXZAR",1684333447851,"290.51000000","290.60000000","290.60000000","101.46960000","ACTIVE",1684333447851
"AVAXZAR",1684334533928,"290.58000000","290.60000000","290.60000000","101.53150000","ACTIVE",1684334533928
"AVAXZAR",1684335764609,"290.60000000","290.61000000","290.60000000","101.53150000","ACTIVE",1684335764609
"AVAXZAR",1684337020070,"290.60000000","290.61000000","290.60000000","101.53150000","ACTIVE",1684337020070
"AVAXZAR",1684338135879,"290.51000000","290.52000000","290.61000000","109.44580000","ACTIVE",1684338135879
"AVAXZAR",1684339356725,"290.51000000","290.52000000","290.61000000","110.02460000","ACTIVE",1684339356725
"AVAXZAR",1684340799643,"290.51000000","290.52000000","290.61000000","98.22170000","ACTIVE",1684340799643
"AVAXZAR",1684341731569,"290.51000000","290.52000000","290.61000000","93.00330000","ACTIVE",1684341731569
"AVAXZAR",1684342946175,"290.60000000","290.61000000","290.61000000","92.00160000","ACTIVE",1684342946175
"AVAXZAR",1684344218807,"290.60000000","290.61000000","290.61000000","92.55210000","ACTIVE",1684344218807
"AVAXZAR",1684345316783,"290.60000000","290.61000000","290.61000000","96.80190000","ACTIVE",1684345316783
"AVAXZAR",1684346579920,"290.60000000","290.61000000","290.61000000","96.80190000","ACTIVE",1684346579920
"AVAXZAR",1684347918188,"290.51000000","290.99000000","290.99000000","102.28690000","ACTIVE",1684347918188
"AVAXZAR",1684348937613,"295.74000000","296.00000000","295.74000000","150.34180000","ACTIVE",1684348937613
"AVAXZAR",1684350169060,"295.74000000","295.75000000","295.74000000","150.34180000","ACTIVE",1684350169060
"AVAXZAR",1684351316434,"297.36000000","297.73000000","295.74000000","150.34180000","ACTIVE",1684351316434
"AVAXZAR",1684352531011,"297.72000000","297.73000000","297.73000000","151.51700000","ACTIVE",1684352531011
"AVAXZAR",1684353742947,"297.72000000","297.73000000","297.05000000","153.07870000","ACTIVE",1684353742947
"AVAXZAR",1684355006615,"297.72000000","297.73000000","297.05000000","153.07870000","ACTIVE",1684355006615
"AVAXZAR",1684356126396,"297.72000000","297.73000000","297.05000000","153.07870000","ACTIVE",1684356126396
"AVAXZAR",1684357349013,"297.72000000","297.73000000","297.05000000","144.51150000","ACTIVE",1684357349013
"AVAXZAR",1684358534041,"297.72000000","297.73000000","297.05000000","144.51150000","ACTIVE",1684358534041
"AVAXZAR",1684359735680,"297.72000000","297.73000000","297.05000000","144.51150000","ACTIVE",1684359735680
"AVAXZAR",1684360966319,"297.72000000","297.73000000","297.05000000","144.95860000","ACTIVE",1684360966319
"AVAXZAR",1684362250934,"297.72000000","297.73000000","297.05000000","144.95860000","ACTIVE",1684362250934
"AVAXZAR",1684363333490,"297.72000000","297.73000000","297.05000000","144.95860000","ACTIVE",1684363333490
"AVAXZAR",1684364552773,"297.05000000","297.06000000","297.05000000","144.95860000","ACTIVE",1684364552773
"AVAXZAR",1684365757100,"297.05000000","297.27000000","297.05000000","144.85550000","ACTIVE",1684365757100
"AVAXZAR",1684366923512,"297.05000000","297.13000000","297.05000000","144.79370000","ACTIVE",1684366923512
"AVAXZAR",1684368351986,"297.72000000","297.73000000","297.72000000","144.82060000","ACTIVE",1684368351986
"AVAXZAR",1684369986892,"297.70000000","297.72000000","297.72000000","144.88100000","ACTIVE",1684369986892
"AVAXZAR",1684371738143,"297.70000000","297.72000000","297.72000000","144.82100000","ACTIVE",1684371738143
"AVAXZAR",1684374427286,"297.70000000","297.72000000","297.72000000","144.77820000","ACTIVE",1684374427286
"AVAXZAR",1684376199927,"297.55000000","297.72000000","297.72000000","144.61700000","ACTIVE",1684376199927
"AVAXZAR",1684377033287,"297.70000000","297.72000000","297.72000000","144.61700000","ACTIVE",1684377033287
"AVAXZAR",1684377892979,"297.70000000","297.72000000","297.72000000","144.61700000","ACTIVE",1684377892979
"AVAXZAR",1684378943949,"297.70000000","297.72000000","297.72000000","144.61700000","ACTIVE",1684378943949
"AVAXZAR",1684380241401,"297.70000000","297.72000000","297.72000000","144.61700000","ACTIVE",1684380241401
"AVAXZAR",1684381336201,"297.70000000","297.72000000","297.72000000","144.61700000","ACTIVE",1684381336201
"AVAXZAR",1684382557358,"297.70000000","297.72000000","297.72000000","144.61700000","ACTIVE",1684382557358
"AVAXZAR",1684383926147,"297.70000000","297.72000000","297.72000000","144.61700000","ACTIVE",1684383926147
"AVAXZAR",1684384935411,"297.70000000","297.72000000","297.72000000","144.61700000","ACTIVE",1684384935411
"AVAXZAR",1684386136293,"297.70000000","297.72000000","297.72000000","134.00640000","ACTIVE",1684386136293
"AVAXZAR",1684387470515,"297.70000000","297.71000000","297.72000000","132.29560000","ACTIVE",1684387470515
"AVAXZAR",1684388522696,"297.70000000","297.71000000","297.72000000","132.29560000","ACTIVE",1684388522696
"AVAXZAR",1684389783065,"297.69000000","297.70000000","297.70000000","159.53500000","ACTIVE",1684389783065
"AVAXZAR",1684391200929,"297.05000000","297.06000000","297.69000000","140.29210000","ACTIVE",1684391200929
"AVAXZAR",1684392136044,"295.64000000","296.50000000","296.50000000","143.70940000","ACTIVE",1684392136044
"AVAXZAR",1684393338179,"296.26000000","296.85000000","293.45000000","141.57820000","ACTIVE",1684393338179
"AVAXZAR",1684394538532,"292.88000000","292.89000000","292.89000000","142.74190000","ACTIVE",1684394538532
"AVAXZAR",1684395723959,"291.88000000","296.60000000","292.38000000","144.38450000","ACTIVE",1684395723959
"AVAXZAR",1684396977866,"296.58000000","296.60000000","292.38000000","110.48270000","ACTIVE",1684396977866
"AVAXZAR",1684398339739,"296.58000000","296.60000000","292.38000000","108.85350000","ACTIVE",1684398339739
"AVAXZAR",1684399344809,"296.58000000","296.60000000","292.38000000","108.85350000","ACTIVE",1684399344809
"AVAXZAR",1684400548472,"296.58000000","296.60000000","292.38000000","108.85350000","ACTIVE",1684400548472
"AVAXZAR",1684401788798,"296.58000000","296.60000000","292.38000000","108.85350000","ACTIVE",1684401788798
"AVAXZAR",1684402932444,"296.58000000","296.60000000","292.38000000","108.85350000","ACTIVE",1684402932444
"AVAXZAR",1684404147815,"296.58000000","296.60000000","292.38000000","108.85350000","ACTIVE",1684404147815
"AVAXZAR",1684405512726,"296.58000000","296.60000000","292.38000000","109.33330000","ACTIVE",1684405512726
"AVAXZAR",1684406516124,"296.58000000","296.59000000","296.60000000","109.51870000","ACTIVE",1684406516124
"AVAXZAR",1684407730519,"296.57000000","296.58000000","296.58000000","109.59610000","ACTIVE",1684407730519
"AVAXZAR",1684408916696,"294.56000000","296.57000000","296.56000000","109.71730000","ACTIVE",1684408916696
"AVAXZAR",1684410114592,"296.55000000","296.56000000","296.55000000","110.70650000","ACTIVE",1684410114592
"AVAXZAR",1684411391502,"296.54000000","296.55000000","296.55000000","110.76710000","ACTIVE",1684411391502
"AVAXZAR",1684412973007,"296.41000000","296.55000000","296.55000000","110.64520000","ACTIVE",1684412973007
"AVAXZAR",1684414092304,"295.77000000","296.29000000","296.55000000","110.64520000","ACTIVE",1684414092304
"AVAXZAR",1684415064898,"295.72000000","296.10000000","296.55000000","110.74520000","ACTIVE",1684415064898
"AVAXZAR",1684416391450,"295.54000000","295.91000000","296.55000000","111.32240000","ACTIVE",1684416391450
"AVAXZAR",1684417319207,"296.08000000","296.47000000","296.55000000","111.32240000","ACTIVE",1684417319207
"AVAXZAR",1684418534308,"295.38000000","296.10000000","296.55000000","111.32240000","ACTIVE",1684418534308
"AVAXZAR",1684419831977,"296.35000000","296.51000000","296.55000000","111.32240000","ACTIVE",1684419831977
"AVAXZAR",1684420936955,"296.50000000","296.51000000","296.55000000","111.26050000","ACTIVE",1684420936955
"AVAXZAR",1684422156653,"295.60000000","295.61000000","295.61000000","111.26050000","ACTIVE",1684422156653
"AVAXZAR",1684423418352,"294.58000000","294.60000000","295.63000000","111.38210000","ACTIVE",1684423418352
